n_features,n,train_error,test_error
2,1,0.05961192238447689,0.15583116623324664
2,2,0.056811362272454494,0.1240248049609922
2,3,0.03260652130426085,0.1342268453690738
2,4,0.040808161632326465,0.1264252850570114
2,5,0.026805361072214443,0.1314262852570514
2,6,0.03340668133626725,0.1274254850970194
2,7,0.024204840968193638,0.12922584516903382
2,8,0.029005801160232048,0.125625125025005
2,9,0.021604320864172834,0.1268253650730146
2,10,0.026805361072214443,0.1252250450090018
2,11,0.020004000800160033,0.123624724944989
2,12,0.023204640928185638,0.1240248049609922
2,13,0.01840368073614723,0.124624924984997
2,14,0.020404080816163232,0.123624724944989
2,15,0.01840368073614723,0.12382476495299059
2,16,0.020604120824164834,0.1224244848969794
2,17,0.01800360072014403,0.1240248049609922
2,18,0.020604120824164834,0.1232246449289858
2,19,0.01740348069613923,0.1244248849769954
2,20,0.01860372074414883,0.1244248849769954
2,21,0.016603320664132826,0.1244248849769954
2,22,0.01880376075215043,0.1242248449689938
2,23,0.017203440688137627,0.12382476495299059
2,24,0.01860372074414883,0.1230246049209842
2,25,0.017003400680136026,0.12262452490498099
2,26,0.01740348069613923,0.1228245649129826
2,27,0.016203240648129627,0.1230246049209842
2,28,0.016403280656131225,0.1244248849769954
2,29,0.016203240648129627,0.1240248049609922
2,30,0.016803360672134428,0.1234246849369874
2,31,0.016403280656131225,0.12262452490498099
2,32,0.016603320664132826,0.123624724944989
2,33,0.015803160632126424,0.1228245649129826
2,34,0.016403280656131225,0.12262452490498099
2,35,0.015803160632126424,0.1244248849769954
2,36,0.016403280656131225,0.1224244848969794
2,37,0.015803160632126424,0.1218243648729746
2,38,0.016003200640128026,0.1224244848969794
2,39,0.015203040608121624,0.1228245649129826
2,40,0.015403080616123225,0.1218243648729746
2,41,0.014202840568113623,0.123624724944989
2,42,0.014402880576115223,0.123624724944989
2,43,0.014202840568113623,0.12262452490498099
2,44,0.014202840568113623,0.12262452490498099
2,45,0.013802760552110422,0.1228245649129826
2,46,0.014202840568113623,0.1230246049209842
2,47,0.013802760552110422,0.12262452490498099
2,48,0.014202840568113623,0.1230246049209842
2,49,0.013802760552110422,0.1220244048809762
2,50,0.014002800560112022,0.1228245649129826
2,51,0.013802760552110422,0.1222244448889778
2,52,0.014002800560112022,0.12262452490498099
2,53,0.013802760552110422,0.1228245649129826
2,54,0.014202840568113623,0.1232246449289858
2,55,0.014002800560112022,0.1220244048809762
2,56,0.014402880576115223,0.1224244848969794
2,57,0.014202840568113623,0.1220244048809762
2,58,0.014202840568113623,0.1222244448889778
2,59,0.013802760552110422,0.1222244448889778
2,60,0.014202840568113623,0.1222244448889778
2,61,0.014002800560112022,0.1234246849369874
2,62,0.014202840568113623,0.12262452490498099
2,63,0.013602720544108821,0.1230246049209842
2,64,0.013802760552110422,0.1228245649129826
2,65,0.013602720544108821,0.12262452490498099
2,66,0.013602720544108821,0.1222244448889778
2,67,0.013602720544108821,0.12262452490498099
2,68,0.013602720544108821,0.1228245649129826
2,69,0.013402680536107221,0.1218243648729746
2,70,0.013402680536107221,0.1224244848969794
2,71,0.013402680536107221,0.1224244848969794
2,72,0.013402680536107221,0.1234246849369874
2,73,0.013402680536107221,0.12262452490498099
2,74,0.013402680536107221,0.12262452490498099
2,75,0.013402680536107221,0.1220244048809762
2,76,0.013402680536107221,0.1224244848969794
2,77,0.013202640528105622,0.12142428485697139
2,78,0.013202640528105622,0.1218243648729746
2,79,0.013202640528105622,0.12142428485697139
2,80,0.013202640528105622,0.1218243648729746
2,81,0.013202640528105622,0.12162432486497299
2,82,0.013202640528105622,0.1220244048809762
2,83,0.013202640528105622,0.1220244048809762
2,84,0.013202640528105622,0.1224244848969794
2,85,0.013202640528105622,0.1224244848969794
2,86,0.013202640528105622,0.1222244448889778
2,87,0.013202640528105622,0.12262452490498099
2,88,0.013202640528105622,0.1224244848969794
2,89,0.013202640528105622,0.1232246449289858
2,90,0.013202640528105622,0.1230246049209842
2,91,0.013202640528105622,0.1232246449289858
2,92,0.013202640528105622,0.1230246049209842
2,93,0.013202640528105622,0.1232246449289858
2,94,0.013202640528105622,0.1230246049209842
2,95,0.013202640528105622,0.1232246449289858
2,96,0.013202640528105622,0.1232246449289858
2,97,0.013202640528105622,0.1232246449289858
2,98,0.013202640528105622,0.1230246049209842
2,99,0.013202640528105622,0.1232246449289858
2,100,0.013202640528105622,0.123624724944989
2,101,0.013202640528105622,0.123624724944989
2,102,0.013202640528105622,0.1230246049209842
2,103,0.013202640528105622,0.123624724944989
2,104,0.013202640528105622,0.1228245649129826
2,105,0.013202640528105622,0.12382476495299059
2,106,0.013202640528105622,0.1234246849369874
2,107,0.013202640528105622,0.1234246849369874
2,108,0.013202640528105622,0.1224244848969794
2,109,0.013202640528105622,0.1218243648729746
2,110,0.013202640528105622,0.1228245649129826
2,111,0.013202640528105622,0.12262452490498099
2,112,0.013202640528105622,0.1232246449289858
2,113,0.013202640528105622,0.1230246049209842
2,114,0.013202640528105622,0.123624724944989
2,115,0.013202640528105622,0.1234246849369874
2,116,0.013202640528105622,0.12382476495299059
2,117,0.013202640528105622,0.1232246449289858
2,118,0.013202640528105622,0.1242248449689938
2,119,0.013202640528105622,0.1230246049209842
2,120,0.013202640528105622,0.12382476495299059
2,121,0.013202640528105622,0.12262452490498099
2,122,0.013202640528105622,0.1232246449289858
2,123,0.013202640528105622,0.1224244848969794
2,124,0.013202640528105622,0.1234246849369874
2,125,0.013202640528105622,0.1228245649129826
2,126,0.013202640528105622,0.1232246449289858
2,127,0.013202640528105622,0.1230246049209842
2,128,0.013202640528105622,0.1228245649129826
2,129,0.013202640528105622,0.1230246049209842
2,130,0.013202640528105622,0.1232246449289858
2,131,0.013202640528105622,0.1230246049209842
2,132,0.013202640528105622,0.1230246049209842
2,133,0.013202640528105622,0.1234246849369874
2,134,0.013202640528105622,0.1234246849369874
2,135,0.013202640528105622,0.1224244848969794
2,136,0.013202640528105622,0.1224244848969794
2,137,0.013202640528105622,0.12262452490498099
2,138,0.013202640528105622,0.1232246449289858
2,139,0.013202640528105622,0.1230246049209842
2,140,0.013202640528105622,0.1234246849369874
2,141,0.013202640528105622,0.1234246849369874
2,142,0.013202640528105622,0.123624724944989
2,143,0.013202640528105622,0.1228245649129826
2,144,0.013202640528105622,0.1230246049209842
2,145,0.013202640528105622,0.1230246049209842
2,146,0.013202640528105622,0.1232246449289858
2,147,0.013202640528105622,0.12262452490498099
2,148,0.013202640528105622,0.1230246049209842
2,149,0.013202640528105622,0.1228245649129826
2,150,0.013202640528105622,0.1228245649129826
2,151,0.013202640528105622,0.1228245649129826
2,152,0.013202640528105622,0.1230246049209842
2,153,0.013202640528105622,0.1228245649129826
2,154,0.013202640528105622,0.123624724944989
2,155,0.013202640528105622,0.1228245649129826
2,156,0.013202640528105622,0.123624724944989
2,157,0.013202640528105622,0.12262452490498099
2,158,0.013202640528105622,0.1232246449289858
2,159,0.013202640528105622,0.12262452490498099
2,160,0.013202640528105622,0.123624724944989
2,161,0.013202640528105622,0.1230246049209842
2,162,0.013202640528105622,0.1234246849369874
2,163,0.013202640528105622,0.1230246049209842
2,164,0.013202640528105622,0.123624724944989
2,165,0.013202640528105622,0.1234246849369874
2,166,0.013202640528105622,0.12382476495299059
2,167,0.013202640528105622,0.12262452490498099
2,168,0.013202640528105622,0.12382476495299059
2,169,0.013202640528105622,0.1228245649129826
2,170,0.013202640528105622,0.12262452490498099
2,171,0.013202640528105622,0.1228245649129826
2,172,0.013202640528105622,0.1234246849369874
2,173,0.013202640528105622,0.1230246049209842
2,174,0.013202640528105622,0.1234246849369874
2,175,0.013202640528105622,0.1234246849369874
2,176,0.013202640528105622,0.123624724944989
2,177,0.013202640528105622,0.123624724944989
2,178,0.013202640528105622,0.12382476495299059
2,179,0.013202640528105622,0.1232246449289858
2,180,0.013202640528105622,0.123624724944989
2,181,0.013202640528105622,0.1232246449289858
2,182,0.013202640528105622,0.123624724944989
2,183,0.013202640528105622,0.1228245649129826
2,184,0.013202640528105622,0.123624724944989
2,185,0.013202640528105622,0.1234246849369874
2,186,0.013202640528105622,0.1234246849369874
2,187,0.013202640528105622,0.1230246049209842
2,188,0.013202640528105622,0.1232246449289858
2,189,0.013202640528105622,0.1230246049209842
2,190,0.013202640528105622,0.1228245649129826
2,191,0.013202640528105622,0.1232246449289858
2,192,0.013202640528105622,0.1230246049209842
2,193,0.013202640528105622,0.1228245649129826
2,194,0.013202640528105622,0.1230246049209842
2,195,0.013202640528105622,0.12262452490498099
2,196,0.013202640528105622,0.1228245649129826
2,197,0.013202640528105622,0.1230246049209842
2,198,0.013202640528105622,0.1228245649129826
2,199,0.013202640528105622,0.1228245649129826
2,200,0.013202640528105622,0.1230246049209842
2,201,0.013202640528105622,0.1224244848969794
2,202,0.013202640528105622,0.1234246849369874
2,203,0.013202640528105622,0.123624724944989
2,204,0.013202640528105622,0.1240248049609922
2,205,0.013202640528105622,0.123624724944989
2,206,0.013202640528105622,0.1240248049609922
2,207,0.013202640528105622,0.1240248049609922
2,208,0.013202640528105622,0.1240248049609922
2,209,0.013202640528105622,0.123624724944989
2,210,0.013202640528105622,0.123624724944989
2,211,0.013202640528105622,0.12382476495299059
2,212,0.013202640528105622,0.1240248049609922
2,213,0.013202640528105622,0.1240248049609922
2,214,0.013202640528105622,0.12382476495299059
2,215,0.013202640528105622,0.1242248449689938
2,216,0.013202640528105622,0.1244248849769954
2,217,0.013202640528105622,0.1242248449689938
2,218,0.013202640528105622,0.1244248849769954
2,219,0.013202640528105622,0.1244248849769954
2,220,0.013202640528105622,0.1244248849769954
2,221,0.013202640528105622,0.1244248849769954
2,222,0.013202640528105622,0.1244248849769954
2,223,0.013202640528105622,0.1244248849769954
2,224,0.013202640528105622,0.1244248849769954
2,225,0.013202640528105622,0.124624924984997
2,226,0.013202640528105622,0.1240248049609922
2,227,0.013202640528105622,0.1244248849769954
2,228,0.013202640528105622,0.1242248449689938
2,229,0.013202640528105622,0.1242248449689938
2,230,0.013202640528105622,0.1242248449689938
2,231,0.013202640528105622,0.1244248849769954
2,232,0.013202640528105622,0.1242248449689938
2,233,0.013202640528105622,0.1242248449689938
2,234,0.013202640528105622,0.1240248049609922
2,235,0.013202640528105622,0.1240248049609922
2,236,0.013202640528105622,0.1244248849769954
2,237,0.013202640528105622,0.1244248849769954
2,238,0.013202640528105622,0.1248249649929986
2,239,0.013202640528105622,0.124624924984997
2,240,0.013202640528105622,0.124624924984997
2,241,0.013202640528105622,0.1242248449689938
2,242,0.013202640528105622,0.1244248849769954
2,243,0.013202640528105622,0.1240248049609922
2,244,0.013202640528105622,0.1248249649929986
2,245,0.013202640528105622,0.1244248849769954
2,246,0.013202640528105622,0.1248249649929986
2,247,0.013202640528105622,0.1244248849769954
2,248,0.013202640528105622,0.1244248849769954
2,249,0.013202640528105622,0.1244248849769954
2,250,0.013202640528105622,0.1242248449689938
2,251,0.013202640528105622,0.1244248849769954
2,252,0.013202640528105622,0.1244248849769954
2,253,0.013202640528105622,0.1244248849769954
2,254,0.013202640528105622,0.1240248049609922
2,255,0.013202640528105622,0.1242248449689938
2,256,0.013202640528105622,0.1240248049609922
2,257,0.013202640528105622,0.12382476495299059
2,258,0.013202640528105622,0.12382476495299059
2,259,0.013202640528105622,0.1242248449689938
2,260,0.013202640528105622,0.1242248449689938
2,261,0.013202640528105622,0.12382476495299059
2,262,0.013202640528105622,0.1240248049609922
2,263,0.013202640528105622,0.1240248049609922
2,264,0.013202640528105622,0.1244248849769954
2,265,0.013202640528105622,0.12382476495299059
2,266,0.013202640528105622,0.1240248049609922
2,267,0.013202640528105622,0.123624724944989
2,268,0.013202640528105622,0.12382476495299059
2,269,0.013202640528105622,0.123624724944989
2,270,0.013202640528105622,0.1240248049609922
2,271,0.013202640528105622,0.12382476495299059
2,272,0.013202640528105622,0.12382476495299059
2,273,0.013202640528105622,0.123624724944989
2,274,0.013202640528105622,0.12382476495299059
2,275,0.013202640528105622,0.123624724944989
2,276,0.013202640528105622,0.12382476495299059
2,277,0.013202640528105622,0.123624724944989
2,278,0.013202640528105622,0.123624724944989
2,279,0.013202640528105622,0.12382476495299059
2,280,0.013202640528105622,0.12382476495299059
2,281,0.013202640528105622,0.123624724944989
2,282,0.013202640528105622,0.1240248049609922
2,283,0.013202640528105622,0.1240248049609922
2,284,0.013202640528105622,0.1242248449689938
2,285,0.013202640528105622,0.1242248449689938
2,286,0.013202640528105622,0.1242248449689938
2,287,0.013202640528105622,0.1240248049609922
2,288,0.013202640528105622,0.1240248049609922
2,289,0.013202640528105622,0.1240248049609922
2,290,0.013202640528105622,0.1242248449689938
2,291,0.013202640528105622,0.1242248449689938
2,292,0.013202640528105622,0.124624924984997
2,293,0.013202640528105622,0.1248249649929986
2,294,0.013202640528105622,0.1244248849769954
2,295,0.013202640528105622,0.124624924984997
2,296,0.013202640528105622,0.1250250050010002
2,297,0.013202640528105622,0.1248249649929986
2,298,0.013202640528105622,0.124624924984997
2,299,0.013202640528105622,0.1244248849769954
2,300,0.013202640528105622,0.1244248849769954
2,301,0.013202640528105622,0.1242248449689938
2,302,0.013202640528105622,0.1240248049609922
2,303,0.013202640528105622,0.1244248849769954
2,304,0.013202640528105622,0.1242248449689938
2,305,0.013202640528105622,0.1240248049609922
2,306,0.013202640528105622,0.1240248049609922
2,307,0.013202640528105622,0.12382476495299059
2,308,0.013202640528105622,0.1240248049609922
2,309,0.013202640528105622,0.1242248449689938
2,310,0.013202640528105622,0.124624924984997
2,311,0.013202640528105622,0.1242248449689938
2,312,0.013202640528105622,0.1244248849769954
2,313,0.013202640528105622,0.1240248049609922
2,314,0.013202640528105622,0.1242248449689938
2,315,0.013202640528105622,0.1244248849769954
2,316,0.013202640528105622,0.1242248449689938
2,317,0.013202640528105622,0.1244248849769954
2,318,0.013202640528105622,0.1242248449689938
2,319,0.013202640528105622,0.1242248449689938
2,320,0.013202640528105622,0.1244248849769954
2,321,0.013202640528105622,0.124624924984997
2,322,0.013202640528105622,0.1244248849769954
2,323,0.013202640528105622,0.124624924984997
2,324,0.013202640528105622,0.1242248449689938
2,325,0.013202640528105622,0.1244248849769954
2,326,0.013202640528105622,0.1242248449689938
2,327,0.013202640528105622,0.1242248449689938
2,328,0.013202640528105622,0.1244248849769954
2,329,0.013202640528105622,0.1242248449689938
2,330,0.013202640528105622,0.1242248449689938
2,331,0.013202640528105622,0.1244248849769954
2,332,0.013202640528105622,0.124624924984997
2,333,0.013202640528105622,0.124624924984997
2,334,0.013202640528105622,0.124624924984997
2,335,0.013202640528105622,0.124624924984997
2,336,0.013202640528105622,0.124624924984997
2,337,0.013202640528105622,0.1248249649929986
2,338,0.013202640528105622,0.1244248849769954
2,339,0.013202640528105622,0.1244248849769954
2,340,0.013202640528105622,0.1242248449689938
2,341,0.013202640528105622,0.1240248049609922
2,342,0.013202640528105622,0.12382476495299059
2,343,0.013202640528105622,0.123624724944989
2,344,0.013202640528105622,0.1240248049609922
2,345,0.013202640528105622,0.12382476495299059
2,346,0.013202640528105622,0.12382476495299059
2,347,0.013202640528105622,0.123624724944989
2,348,0.013202640528105622,0.12382476495299059
2,349,0.013202640528105622,0.1234246849369874
2,350,0.013202640528105622,0.123624724944989
2,351,0.013202640528105622,0.1232246449289858
2,352,0.013202640528105622,0.1234246849369874
2,353,0.013202640528105622,0.123624724944989
2,354,0.013202640528105622,0.12382476495299059
2,355,0.013202640528105622,0.123624724944989
2,356,0.013202640528105622,0.12382476495299059
2,357,0.013202640528105622,0.123624724944989
2,358,0.013202640528105622,0.1244248849769954
2,359,0.013202640528105622,0.1242248449689938
2,360,0.013202640528105622,0.1242248449689938
2,361,0.013202640528105622,0.1242248449689938
2,362,0.013202640528105622,0.1242248449689938
2,363,0.013202640528105622,0.12382476495299059
2,364,0.013202640528105622,0.1240248049609922
2,365,0.013202640528105622,0.1240248049609922
2,366,0.013202640528105622,0.12382476495299059
2,367,0.013202640528105622,0.1240248049609922
2,368,0.013202640528105622,0.1240248049609922
2,369,0.013202640528105622,0.1240248049609922
2,370,0.013202640528105622,0.1240248049609922
2,371,0.013202640528105622,0.1240248049609922
2,372,0.013202640528105622,0.1242248449689938
2,373,0.013202640528105622,0.1242248449689938
2,374,0.013202640528105622,0.1242248449689938
2,375,0.013202640528105622,0.1242248449689938
2,376,0.013202640528105622,0.1242248449689938
2,377,0.013202640528105622,0.1242248449689938
2,378,0.013202640528105622,0.1244248849769954
2,379,0.013202640528105622,0.1244248849769954
2,380,0.013202640528105622,0.124624924984997
2,381,0.013202640528105622,0.1244248849769954
2,382,0.013202640528105622,0.1244248849769954
2,383,0.013202640528105622,0.1242248449689938
2,384,0.013202640528105622,0.1242248449689938
2,385,0.013202640528105622,0.1242248449689938
2,386,0.013202640528105622,0.1244248849769954
2,387,0.013202640528105622,0.1242248449689938
2,388,0.013202640528105622,0.1244248849769954
2,389,0.013202640528105622,0.1244248849769954
2,390,0.013202640528105622,0.1244248849769954
2,391,0.013202640528105622,0.1244248849769954
2,392,0.013202640528105622,0.1244248849769954
2,393,0.013202640528105622,0.1240248049609922
2,394,0.013202640528105622,0.1242248449689938
2,395,0.013202640528105622,0.1240248049609922
2,396,0.013202640528105622,0.1242248449689938
2,397,0.013202640528105622,0.1240248049609922
2,398,0.013202640528105622,0.1244248849769954
2,399,0.013202640528105622,0.1240248049609922
2,400,0.013202640528105622,0.1242248449689938
2,401,0.013202640528105622,0.1242248449689938
2,402,0.013202640528105622,0.1242248449689938
2,403,0.013202640528105622,0.1242248449689938
2,404,0.013202640528105622,0.1242248449689938
2,405,0.013202640528105622,0.1244248849769954
2,406,0.013202640528105622,0.124624924984997
2,407,0.013202640528105622,0.124624924984997
2,408,0.013202640528105622,0.124624924984997
2,409,0.013202640528105622,0.124624924984997
2,410,0.013202640528105622,0.1248249649929986
2,411,0.013202640528105622,0.1244248849769954
2,412,0.013202640528105622,0.1244248849769954
2,413,0.013202640528105622,0.1244248849769954
2,414,0.013202640528105622,0.1248249649929986
2,415,0.013202640528105622,0.1244248849769954
2,416,0.013202640528105622,0.1248249649929986
2,417,0.013202640528105622,0.1242248449689938
2,418,0.013202640528105622,0.1244248849769954
2,419,0.013202640528105622,0.1242248449689938
2,420,0.013202640528105622,0.1240248049609922
2,421,0.013202640528105622,0.1242248449689938
2,422,0.013202640528105622,0.1242248449689938
2,423,0.013202640528105622,0.1242248449689938
2,424,0.013202640528105622,0.1248249649929986
2,425,0.013202640528105622,0.124624924984997
2,426,0.013202640528105622,0.124624924984997
2,427,0.013202640528105622,0.1242248449689938
2,428,0.013202640528105622,0.124624924984997
2,429,0.013202640528105622,0.1244248849769954
2,430,0.013202640528105622,0.124624924984997
2,431,0.013202640528105622,0.1244248849769954
2,432,0.013202640528105622,0.1248249649929986
2,433,0.013202640528105622,0.124624924984997
2,434,0.013202640528105622,0.1252250450090018
2,435,0.013202640528105622,0.1248249649929986
2,436,0.013202640528105622,0.1250250050010002
2,437,0.013202640528105622,0.1244248849769954
2,438,0.013202640528105622,0.1250250050010002
2,439,0.013202640528105622,0.124624924984997
2,440,0.013202640528105622,0.1248249649929986
2,441,0.013202640528105622,0.1248249649929986
2,442,0.013202640528105622,0.1248249649929986
2,443,0.013202640528105622,0.1248249649929986
2,444,0.013202640528105622,0.1248249649929986
2,445,0.013202640528105622,0.124624924984997
2,446,0.013202640528105622,0.1248249649929986
2,447,0.013202640528105622,0.124624924984997
2,448,0.013202640528105622,0.1244248849769954
2,449,0.013202640528105622,0.1244248849769954
2,450,0.013202640528105622,0.1244248849769954
2,451,0.013202640528105622,0.124624924984997
2,452,0.013202640528105622,0.1248249649929986
2,453,0.013202640528105622,0.124624924984997
2,454,0.013202640528105622,0.1248249649929986
2,455,0.013202640528105622,0.1248249649929986
2,456,0.013202640528105622,0.124624924984997
2,457,0.013202640528105622,0.124624924984997
2,458,0.013202640528105622,0.1248249649929986
2,459,0.013202640528105622,0.1248249649929986
2,460,0.013202640528105622,0.1248249649929986
2,461,0.013202640528105622,0.1244248849769954
2,462,0.013202640528105622,0.124624924984997
2,463,0.013202640528105622,0.1244248849769954
2,464,0.013202640528105622,0.1244248849769954
2,465,0.013202640528105622,0.124624924984997
2,466,0.013202640528105622,0.1244248849769954
2,467,0.013202640528105622,0.124624924984997
2,468,0.013202640528105622,0.1242248449689938
2,469,0.013202640528105622,0.1242248449689938
2,470,0.013202640528105622,0.1242248449689938
2,471,0.013202640528105622,0.1244248849769954
2,472,0.013202640528105622,0.1244248849769954
2,473,0.013202640528105622,0.1242248449689938
2,474,0.013202640528105622,0.1240248049609922
2,475,0.013202640528105622,0.1244248849769954
2,476,0.013202640528105622,0.124624924984997
2,477,0.013202640528105622,0.124624924984997
2,478,0.013202640528105622,0.1248249649929986
2,479,0.013202640528105622,0.1250250050010002
2,480,0.013202640528105622,0.1248249649929986
2,481,0.013202640528105622,0.1248249649929986
2,482,0.013202640528105622,0.1252250450090018
2,483,0.013202640528105622,0.1248249649929986
2,484,0.013202640528105622,0.1252250450090018
2,485,0.013202640528105622,0.1252250450090018
2,486,0.013202640528105622,0.1252250450090018
2,487,0.013202640528105622,0.1252250450090018
2,488,0.013202640528105622,0.1252250450090018
2,489,0.013202640528105622,0.1252250450090018
2,490,0.013202640528105622,0.1248249649929986
2,491,0.013202640528105622,0.1248249649929986
2,492,0.013202640528105622,0.1248249649929986
2,493,0.013202640528105622,0.1248249649929986
2,494,0.013202640528105622,0.1248249649929986
2,495,0.013202640528105622,0.1248249649929986
2,496,0.013202640528105622,0.1250250050010002
2,497,0.013202640528105622,0.1252250450090018
2,498,0.013202640528105622,0.1250250050010002
2,499,0.013202640528105622,0.1252250450090018
2,500,0.013202640528105622,0.1250250050010002
4,1,0.0628125625125025,0.15483096619323863
4,2,0.0604120824164833,0.12922584516903382
4,3,0.040008001600320066,0.13382676535307061
4,4,0.04600920184036807,0.1262252450490098
4,5,0.03160632126425285,0.1298259651930386
4,6,0.035007001400280055,0.1264252850570114
4,7,0.02540508101620324,0.1300260052010402
4,8,0.03020604120824165,0.1278255651130226
4,9,0.02460492098419684,0.13062612522504502
4,10,0.027605521104220845,0.1278255651130226
4,11,0.021604320864172834,0.1304260852170434
4,12,0.02520504100820164,0.1262252450490098
4,13,0.020404080816163232,0.127625525105021
4,14,0.02380476095219044,0.1250250050010002
4,15,0.01880376075215043,0.1254250850170034
4,16,0.021604320864172834,0.1220244048809762
4,17,0.01840368073614723,0.127625525105021
4,18,0.02080416083216643,0.124624924984997
4,19,0.01840368073614723,0.1272254450890178
4,20,0.020404080816163232,0.1260252050410082
4,21,0.017003400680136026,0.12822564512902582
4,22,0.01900380076015203,0.1270254050810162
4,23,0.015403080616123225,0.1270254050810162
4,24,0.017003400680136026,0.125625125025005
4,25,0.016203240648129627,0.1248249649929986
4,26,0.017203440688137627,0.12582516503300661
4,27,0.015203040608121624,0.126625325065013
4,28,0.016603320664132826,0.1248249649929986
4,29,0.014602920584116823,0.1250250050010002
4,30,0.014602920584116823,0.1262252450490098
4,31,0.013802760552110422,0.1248249649929986
4,32,0.014602920584116823,0.1254250850170034
4,33,0.014002800560112022,0.1254250850170034
4,34,0.014602920584116823,0.1244248849769954
4,35,0.014202840568113623,0.1250250050010002
4,36,0.014402880576115223,0.123624724944989
4,37,0.014202840568113623,0.1254250850170034
4,38,0.014402880576115223,0.1260252050410082
4,39,0.013802760552110422,0.1270254050810162
4,40,0.013802760552110422,0.1262252450490098
4,41,0.013802760552110422,0.1244248849769954
4,42,0.013802760552110422,0.1250250050010002
4,43,0.013802760552110422,0.125625125025005
4,44,0.013802760552110422,0.1252250450090018
4,45,0.013802760552110422,0.1254250850170034
4,46,0.013802760552110422,0.12382476495299059
4,47,0.013602720544108821,0.1244248849769954
4,48,0.013602720544108821,0.1230246049209842
4,49,0.013402680536107221,0.1240248049609922
4,50,0.013602720544108821,0.1240248049609922
4,51,0.013402680536107221,0.1228245649129826
4,52,0.013402680536107221,0.1224244848969794
4,53,0.013402680536107221,0.1234246849369874
4,54,0.013402680536107221,0.1244248849769954
4,55,0.013402680536107221,0.124624924984997
4,56,0.013402680536107221,0.1244248849769954
4,57,0.013402680536107221,0.1250250050010002
4,58,0.013402680536107221,0.1240248049609922
4,59,0.013402680536107221,0.1252250450090018
4,60,0.013402680536107221,0.1242248449689938
4,61,0.013402680536107221,0.1244248849769954
4,62,0.013402680536107221,0.1240248049609922
4,63,0.013402680536107221,0.1250250050010002
4,64,0.013402680536107221,0.1244248849769954
4,65,0.013202640528105622,0.1248249649929986
4,66,0.013202640528105622,0.1240248049609922
4,67,0.013202640528105622,0.1244248849769954
4,68,0.013202640528105622,0.12382476495299059
4,69,0.013202640528105622,0.1244248849769954
4,70,0.013202640528105622,0.123624724944989
4,71,0.013202640528105622,0.1240248049609922
4,72,0.013202640528105622,0.1234246849369874
4,73,0.013202640528105622,0.1242248449689938
4,74,0.013202640528105622,0.1240248049609922
4,75,0.013202640528105622,0.124624924984997
4,76,0.013202640528105622,0.1234246849369874
4,77,0.013202640528105622,0.1240248049609922
4,78,0.013202640528105622,0.1234246849369874
4,79,0.013202640528105622,0.1234246849369874
4,80,0.013202640528105622,0.1234246849369874
4,81,0.013202640528105622,0.12382476495299059
4,82,0.013202640528105622,0.123624724944989
4,83,0.013202640528105622,0.1244248849769954
4,84,0.013202640528105622,0.12382476495299059
4,85,0.013202640528105622,0.12382476495299059
4,86,0.013202640528105622,0.1234246849369874
4,87,0.013202640528105622,0.1230246049209842
4,88,0.013202640528105622,0.1224244848969794
4,89,0.013202640528105622,0.1232246449289858
4,90,0.013202640528105622,0.1240248049609922
4,91,0.013202640528105622,0.1230246049209842
4,92,0.013202640528105622,0.1230246049209842
4,93,0.013202640528105622,0.1232246449289858
4,94,0.013202640528105622,0.1228245649129826
4,95,0.013202640528105622,0.12382476495299059
4,96,0.013202640528105622,0.1232246449289858
4,97,0.013202640528105622,0.123624724944989
4,98,0.013202640528105622,0.123624724944989
4,99,0.013202640528105622,0.1234246849369874
4,100,0.013202640528105622,0.1234246849369874
4,101,0.013202640528105622,0.1234246849369874
4,102,0.013202640528105622,0.1228245649129826
4,103,0.013202640528105622,0.1232246449289858
4,104,0.013202640528105622,0.1230246049209842
4,105,0.013202640528105622,0.123624724944989
4,106,0.013202640528105622,0.12382476495299059
4,107,0.013202640528105622,0.123624724944989
4,108,0.013202640528105622,0.1232246449289858
4,109,0.013202640528105622,0.12382476495299059
4,110,0.013202640528105622,0.123624724944989
4,111,0.013202640528105622,0.123624724944989
4,112,0.013202640528105622,0.1230246049209842
4,113,0.013202640528105622,0.1234246849369874
4,114,0.013202640528105622,0.123624724944989
4,115,0.013202640528105622,0.123624724944989
4,116,0.013202640528105622,0.1240248049609922
4,117,0.013202640528105622,0.12382476495299059
4,118,0.013202640528105622,0.1230246049209842
4,119,0.013202640528105622,0.123624724944989
4,120,0.013202640528105622,0.1230246049209842
4,121,0.013202640528105622,0.1228245649129826
4,122,0.013202640528105622,0.1228245649129826
4,123,0.013202640528105622,0.12262452490498099
4,124,0.013202640528105622,0.1224244848969794
4,125,0.013202640528105622,0.1232246449289858
4,126,0.013202640528105622,0.1230246049209842
4,127,0.013202640528105622,0.123624724944989
4,128,0.013202640528105622,0.12382476495299059
4,129,0.013202640528105622,0.123624724944989
4,130,0.013202640528105622,0.123624724944989
4,131,0.013202640528105622,0.1230246049209842
4,132,0.013202640528105622,0.1230246049209842
4,133,0.013202640528105622,0.1234246849369874
4,134,0.013202640528105622,0.123624724944989
4,135,0.013202640528105622,0.1232246449289858
4,136,0.013202640528105622,0.1234246849369874
4,137,0.013202640528105622,0.1234246849369874
4,138,0.013202640528105622,0.1230246049209842
4,139,0.013202640528105622,0.1232246449289858
4,140,0.013202640528105622,0.1232246449289858
4,141,0.013202640528105622,0.1228245649129826
4,142,0.013202640528105622,0.1230246049209842
4,143,0.013202640528105622,0.1230246049209842
4,144,0.013202640528105622,0.1228245649129826
4,145,0.013202640528105622,0.1224244848969794
4,146,0.013202640528105622,0.1222244448889778
4,147,0.013202640528105622,0.1222244448889778
4,148,0.013202640528105622,0.1228245649129826
4,149,0.013202640528105622,0.1224244848969794
4,150,0.013202640528105622,0.1228245649129826
4,151,0.013202640528105622,0.12262452490498099
4,152,0.013202640528105622,0.12262452490498099
4,153,0.013202640528105622,0.1224244848969794
4,154,0.013202640528105622,0.12262452490498099
4,155,0.013202640528105622,0.1224244848969794
4,156,0.013202640528105622,0.1222244448889778
4,157,0.013202640528105622,0.1228245649129826
4,158,0.013202640528105622,0.1224244848969794
4,159,0.013202640528105622,0.12262452490498099
4,160,0.013202640528105622,0.12262452490498099
4,161,0.013202640528105622,0.1228245649129826
4,162,0.013202640528105622,0.1230246049209842
4,163,0.013202640528105622,0.1232246449289858
4,164,0.013202640528105622,0.1228245649129826
4,165,0.013202640528105622,0.12262452490498099
4,166,0.013202640528105622,0.1228245649129826
4,167,0.013202640528105622,0.12262452490498099
4,168,0.013202640528105622,0.12262452490498099
4,169,0.013202640528105622,0.12262452490498099
4,170,0.013202640528105622,0.1228245649129826
4,171,0.013202640528105622,0.12262452490498099
4,172,0.013202640528105622,0.1230246049209842
4,173,0.013202640528105622,0.1228245649129826
4,174,0.013202640528105622,0.12262452490498099
4,175,0.013202640528105622,0.1228245649129826
4,176,0.013202640528105622,0.1228245649129826
4,177,0.013202640528105622,0.1230246049209842
4,178,0.013202640528105622,0.1230246049209842
4,179,0.013202640528105622,0.1228245649129826
4,180,0.013202640528105622,0.1232246449289858
4,181,0.013202640528105622,0.12262452490498099
4,182,0.013202640528105622,0.12262452490498099
4,183,0.013202640528105622,0.12262452490498099
4,184,0.013202640528105622,0.1232246449289858
4,185,0.013202640528105622,0.1230246049209842
4,186,0.013202640528105622,0.1228245649129826
4,187,0.013202640528105622,0.1230246049209842
4,188,0.013202640528105622,0.1232246449289858
4,189,0.013202640528105622,0.12382476495299059
4,190,0.013202640528105622,0.1232246449289858
4,191,0.013202640528105622,0.1228245649129826
4,192,0.013202640528105622,0.1230246049209842
4,193,0.013202640528105622,0.1228245649129826
4,194,0.013202640528105622,0.1230246049209842
4,195,0.013202640528105622,0.1228245649129826
4,196,0.013202640528105622,0.12262452490498099
4,197,0.013202640528105622,0.12262452490498099
4,198,0.013202640528105622,0.12262452490498099
4,199,0.013202640528105622,0.1224244848969794
4,200,0.013202640528105622,0.1224244848969794
4,201,0.013202640528105622,0.1222244448889778
4,202,0.013202640528105622,0.1222244448889778
4,203,0.013202640528105622,0.1220244048809762
4,204,0.013202640528105622,0.1220244048809762
4,205,0.013202640528105622,0.1218243648729746
4,206,0.013202640528105622,0.1220244048809762
4,207,0.013202640528105622,0.1220244048809762
4,208,0.013202640528105622,0.1218243648729746
4,209,0.013202640528105622,0.1222244448889778
4,210,0.013202640528105622,0.1222244448889778
4,211,0.013202640528105622,0.1220244048809762
4,212,0.013202640528105622,0.1222244448889778
4,213,0.013202640528105622,0.1220244048809762
4,214,0.013202640528105622,0.1224244848969794
4,215,0.013202640528105622,0.1220244048809762
4,216,0.013202640528105622,0.1224244848969794
4,217,0.013202640528105622,0.1222244448889778
4,218,0.013202640528105622,0.12262452490498099
4,219,0.013202640528105622,0.12262452490498099
4,220,0.013202640528105622,0.1224244848969794
4,221,0.013202640528105622,0.1218243648729746
4,222,0.013202640528105622,0.1220244048809762
4,223,0.013202640528105622,0.1218243648729746
4,224,0.013202640528105622,0.1222244448889778
4,225,0.013202640528105622,0.12162432486497299
4,226,0.013202640528105622,0.1220244048809762
4,227,0.013202640528105622,0.12162432486497299
4,228,0.013202640528105622,0.1222244448889778
4,229,0.013202640528105622,0.1220244048809762
4,230,0.013202640528105622,0.1220244048809762
4,231,0.013202640528105622,0.1218243648729746
4,232,0.013202640528105622,0.1222244448889778
4,233,0.013202640528105622,0.12262452490498099
4,234,0.013202640528105622,0.1222244448889778
4,235,0.013202640528105622,0.1222244448889778
4,236,0.013202640528105622,0.1228245649129826
4,237,0.013202640528105622,0.1224244848969794
4,238,0.013202640528105622,0.12262452490498099
4,239,0.013202640528105622,0.1224244848969794
4,240,0.013202640528105622,0.1228245649129826
4,241,0.013202640528105622,0.12262452490498099
4,242,0.013202640528105622,0.12262452490498099
4,243,0.013202640528105622,0.1220244048809762
4,244,0.013202640528105622,0.1222244448889778
4,245,0.013202640528105622,0.1218243648729746
4,246,0.013202640528105622,0.1224244848969794
4,247,0.013202640528105622,0.1220244048809762
4,248,0.013202640528105622,0.1222244448889778
4,249,0.013202640528105622,0.1222244448889778
4,250,0.013202640528105622,0.1222244448889778
4,251,0.013202640528105622,0.1220244048809762
4,252,0.013202640528105622,0.1218243648729746
4,253,0.013202640528105622,0.1220244048809762
4,254,0.013202640528105622,0.12162432486497299
4,255,0.013202640528105622,0.1218243648729746
4,256,0.013202640528105622,0.1220244048809762
4,257,0.013202640528105622,0.1218243648729746
4,258,0.013202640528105622,0.12162432486497299
4,259,0.013202640528105622,0.12122424484896979
4,260,0.013202640528105622,0.12122424484896979
4,261,0.013202640528105622,0.12162432486497299
4,262,0.013202640528105622,0.1210242048409682
4,263,0.013202640528105622,0.12122424484896979
4,264,0.013202640528105622,0.12162432486497299
4,265,0.013202640528105622,0.12142428485697139
4,266,0.013202640528105622,0.1218243648729746
4,267,0.013202640528105622,0.1222244448889778
4,268,0.013202640528105622,0.1220244048809762
4,269,0.013202640528105622,0.1222244448889778
4,270,0.013202640528105622,0.1222244448889778
4,271,0.013202640528105622,0.1220244048809762
4,272,0.013202640528105622,0.1224244848969794
4,273,0.013202640528105622,0.1224244848969794
4,274,0.013202640528105622,0.12262452490498099
4,275,0.013202640528105622,0.1222244448889778
4,276,0.013202640528105622,0.1228245649129826
4,277,0.013202640528105622,0.1222244448889778
4,278,0.013202640528105622,0.1224244848969794
4,279,0.013202640528105622,0.1222244448889778
4,280,0.013202640528105622,0.1224244848969794
4,281,0.013202640528105622,0.1224244848969794
4,282,0.013202640528105622,0.12262452490498099
4,283,0.013202640528105622,0.12262452490498099
4,284,0.013202640528105622,0.12262452490498099
4,285,0.013202640528105622,0.12262452490498099
4,286,0.013202640528105622,0.12262452490498099
4,287,0.013202640528105622,0.1224244848969794
4,288,0.013202640528105622,0.12262452490498099
4,289,0.013202640528105622,0.1222244448889778
4,290,0.013202640528105622,0.1224244848969794
4,291,0.013202640528105622,0.1222244448889778
4,292,0.013202640528105622,0.12262452490498099
4,293,0.013202640528105622,0.1224244848969794
4,294,0.013202640528105622,0.1222244448889778
4,295,0.013202640528105622,0.1220244048809762
4,296,0.013202640528105622,0.1220244048809762
4,297,0.013202640528105622,0.1220244048809762
4,298,0.013202640528105622,0.1224244848969794
4,299,0.013202640528105622,0.1222244448889778
4,300,0.013202640528105622,0.1222244448889778
4,301,0.013202640528105622,0.1224244848969794
4,302,0.013202640528105622,0.1224244848969794
4,303,0.013202640528105622,0.1224244848969794
4,304,0.013202640528105622,0.1224244848969794
4,305,0.013202640528105622,0.1224244848969794
4,306,0.013202640528105622,0.1228245649129826
4,307,0.013202640528105622,0.1222244448889778
4,308,0.013202640528105622,0.12262452490498099
4,309,0.013202640528105622,0.1224244848969794
4,310,0.013202640528105622,0.1228245649129826
4,311,0.013202640528105622,0.1228245649129826
4,312,0.013202640528105622,0.1228245649129826
4,313,0.013202640528105622,0.1228245649129826
4,314,0.013202640528105622,0.1232246449289858
4,315,0.013202640528105622,0.1232246449289858
4,316,0.013202640528105622,0.1232246449289858
4,317,0.013202640528105622,0.1232246449289858
4,318,0.013202640528105622,0.1232246449289858
4,319,0.013202640528105622,0.1232246449289858
4,320,0.013202640528105622,0.1232246449289858
4,321,0.013202640528105622,0.12262452490498099
4,322,0.013202640528105622,0.1228245649129826
4,323,0.013202640528105622,0.1228245649129826
4,324,0.013202640528105622,0.1228245649129826
4,325,0.013202640528105622,0.1228245649129826
4,326,0.013202640528105622,0.12262452490498099
4,327,0.013202640528105622,0.12262452490498099
4,328,0.013202640528105622,0.12262452490498099
4,329,0.013202640528105622,0.12262452490498099
4,330,0.013202640528105622,0.1224244848969794
4,331,0.013202640528105622,0.1222244448889778
4,332,0.013202640528105622,0.1220244048809762
4,333,0.013202640528105622,0.1222244448889778
4,334,0.013202640528105622,0.1220244048809762
4,335,0.013202640528105622,0.1222244448889778
4,336,0.013202640528105622,0.1220244048809762
4,337,0.013202640528105622,0.1222244448889778
4,338,0.013202640528105622,0.1220244048809762
4,339,0.013202640528105622,0.1222244448889778
4,340,0.013202640528105622,0.1224244848969794
4,341,0.013202640528105622,0.1222244448889778
4,342,0.013202640528105622,0.1222244448889778
4,343,0.013202640528105622,0.1222244448889778
4,344,0.013202640528105622,0.12262452490498099
4,345,0.013202640528105622,0.1220244048809762
4,346,0.013202640528105622,0.1222244448889778
4,347,0.013202640528105622,0.1220244048809762
4,348,0.013202640528105622,0.1222244448889778
4,349,0.013202640528105622,0.1222244448889778
4,350,0.013202640528105622,0.1222244448889778
4,351,0.013202640528105622,0.1220244048809762
4,352,0.013202640528105622,0.1222244448889778
4,353,0.013202640528105622,0.1220244048809762
4,354,0.013202640528105622,0.1222244448889778
4,355,0.013202640528105622,0.1218243648729746
4,356,0.013202640528105622,0.1218243648729746
4,357,0.013202640528105622,0.1220244048809762
4,358,0.013202640528105622,0.1220244048809762
4,359,0.013202640528105622,0.1220244048809762
4,360,0.013202640528105622,0.1220244048809762
4,361,0.013202640528105622,0.1222244448889778
4,362,0.013202640528105622,0.1222244448889778
4,363,0.013202640528105622,0.1222244448889778
4,364,0.013202640528105622,0.1222244448889778
4,365,0.013202640528105622,0.1222244448889778
4,366,0.013202640528105622,0.1224244848969794
4,367,0.013202640528105622,0.1224244848969794
4,368,0.013202640528105622,0.12262452490498099
4,369,0.013202640528105622,0.1224244848969794
4,370,0.013202640528105622,0.1228245649129826
4,371,0.013202640528105622,0.12262452490498099
4,372,0.013202640528105622,0.1222244448889778
4,373,0.013202640528105622,0.1224244848969794
4,374,0.013202640528105622,0.1222244448889778
4,375,0.013202640528105622,0.1224244848969794
4,376,0.013202640528105622,0.1228245649129826
4,377,0.013202640528105622,0.12262452490498099
4,378,0.013202640528105622,0.1228245649129826
4,379,0.013202640528105622,0.1224244848969794
4,380,0.013202640528105622,0.1224244848969794
4,381,0.013202640528105622,0.12262452490498099
4,382,0.013202640528105622,0.1228245649129826
4,383,0.013202640528105622,0.12262452490498099
4,384,0.013202640528105622,0.12262452490498099
4,385,0.013202640528105622,0.12262452490498099
4,386,0.013202640528105622,0.12262452490498099
4,387,0.013202640528105622,0.1230246049209842
4,388,0.013202640528105622,0.12262452490498099
4,389,0.013202640528105622,0.1228245649129826
4,390,0.013202640528105622,0.1228245649129826
4,391,0.013202640528105622,0.1228245649129826
4,392,0.013202640528105622,0.1230246049209842
4,393,0.013202640528105622,0.1228245649129826
4,394,0.013202640528105622,0.1228245649129826
4,395,0.013202640528105622,0.1230246049209842
4,396,0.013202640528105622,0.1228245649129826
4,397,0.013202640528105622,0.1224244848969794
4,398,0.013202640528105622,0.12262452490498099
4,399,0.013202640528105622,0.1222244448889778
4,400,0.013202640528105622,0.1222244448889778
4,401,0.013202640528105622,0.1224244848969794
4,402,0.013202640528105622,0.12262452490498099
4,403,0.013202640528105622,0.1224244848969794
4,404,0.013202640528105622,0.12262452490498099
4,405,0.013202640528105622,0.12262452490498099
4,406,0.013202640528105622,0.12262452490498099
4,407,0.013202640528105622,0.1228245649129826
4,408,0.013202640528105622,0.1228245649129826
4,409,0.013202640528105622,0.1228245649129826
4,410,0.013202640528105622,0.1228245649129826
4,411,0.013202640528105622,0.1228245649129826
4,412,0.013202640528105622,0.12262452490498099
4,413,0.013202640528105622,0.12262452490498099
4,414,0.013202640528105622,0.1222244448889778
4,415,0.013202640528105622,0.12262452490498099
4,416,0.013202640528105622,0.1224244848969794
4,417,0.013202640528105622,0.12262452490498099
4,418,0.013202640528105622,0.1224244848969794
4,419,0.013202640528105622,0.12262452490498099
4,420,0.013202640528105622,0.1224244848969794
4,421,0.013202640528105622,0.1224244848969794
4,422,0.013202640528105622,0.1224244848969794
4,423,0.013202640528105622,0.1222244448889778
4,424,0.013202640528105622,0.1222244448889778
4,425,0.013202640528105622,0.1222244448889778
4,426,0.013202640528105622,0.1222244448889778
4,427,0.013202640528105622,0.1224244848969794
4,428,0.013202640528105622,0.1224244848969794
4,429,0.013202640528105622,0.1224244848969794
4,430,0.013202640528105622,0.1222244448889778
4,431,0.013202640528105622,0.1224244848969794
4,432,0.013202640528105622,0.1222244448889778
4,433,0.013202640528105622,0.1224244848969794
4,434,0.013202640528105622,0.12262452490498099
4,435,0.013202640528105622,0.1222244448889778
4,436,0.013202640528105622,0.12262452490498099
4,437,0.013202640528105622,0.1222244448889778
4,438,0.013202640528105622,0.12262452490498099
4,439,0.013202640528105622,0.12262452490498099
4,440,0.013202640528105622,0.12262452490498099
4,441,0.013202640528105622,0.12262452490498099
4,442,0.013202640528105622,0.1224244848969794
4,443,0.013202640528105622,0.1220244048809762
4,444,0.013202640528105622,0.1224244848969794
4,445,0.013202640528105622,0.1224244848969794
4,446,0.013202640528105622,0.1222244448889778
4,447,0.013202640528105622,0.1222244448889778
4,448,0.013202640528105622,0.1224244848969794
4,449,0.013202640528105622,0.1224244848969794
4,450,0.013202640528105622,0.1224244848969794
4,451,0.013202640528105622,0.1222244448889778
4,452,0.013202640528105622,0.1220244048809762
4,453,0.013202640528105622,0.1220244048809762
4,454,0.013202640528105622,0.1220244048809762
4,455,0.013202640528105622,0.1222244448889778
4,456,0.013202640528105622,0.1222244448889778
4,457,0.013202640528105622,0.1222244448889778
4,458,0.013202640528105622,0.1224244848969794
4,459,0.013202640528105622,0.1224244848969794
4,460,0.013202640528105622,0.1224244848969794
4,461,0.013202640528105622,0.1222244448889778
4,462,0.013202640528105622,0.1222244448889778
4,463,0.013202640528105622,0.1222244448889778
4,464,0.013202640528105622,0.1222244448889778
4,465,0.013202640528105622,0.1222244448889778
4,466,0.013202640528105622,0.1222244448889778
4,467,0.013202640528105622,0.1222244448889778
4,468,0.013202640528105622,0.1222244448889778
4,469,0.013202640528105622,0.1222244448889778
4,470,0.013202640528105622,0.1222244448889778
4,471,0.013202640528105622,0.1222244448889778
4,472,0.013202640528105622,0.1222244448889778
4,473,0.013202640528105622,0.1222244448889778
4,474,0.013202640528105622,0.1222244448889778
4,475,0.013202640528105622,0.1222244448889778
4,476,0.013202640528105622,0.1222244448889778
4,477,0.013202640528105622,0.1218243648729746
4,478,0.013202640528105622,0.1220244048809762
4,479,0.013202640528105622,0.1220244048809762
4,480,0.013202640528105622,0.1220244048809762
4,481,0.013202640528105622,0.1220244048809762
4,482,0.013202640528105622,0.1220244048809762
4,483,0.013202640528105622,0.1218243648729746
4,484,0.013202640528105622,0.1218243648729746
4,485,0.013202640528105622,0.1218243648729746
4,486,0.013202640528105622,0.1218243648729746
4,487,0.013202640528105622,0.1220244048809762
4,488,0.013202640528105622,0.1220244048809762
4,489,0.013202640528105622,0.1220244048809762
4,490,0.013202640528105622,0.1222244448889778
4,491,0.013202640528105622,0.1222244448889778
4,492,0.013202640528105622,0.1224244848969794
4,493,0.013202640528105622,0.1220244048809762
4,494,0.013202640528105622,0.1222244448889778
4,495,0.013202640528105622,0.1222244448889778
4,496,0.013202640528105622,0.1222244448889778
4,497,0.013202640528105622,0.1222244448889778
4,498,0.013202640528105622,0.1222244448889778
4,499,0.013202640528105622,0.1220244048809762
4,500,0.013202640528105622,0.1220244048809762
6,1,0.0666133226645329,0.16343268653730747
6,2,0.060812162432486494,0.13542708541708343
6,3,0.04260852170434087,0.14202840568113623
6,4,0.04540908181636327,0.1294258851770354
6,5,0.03180636127225445,0.1360272054410882
6,6,0.03760752150430086,0.1284256851370274
6,7,0.026805361072214443,0.133626725345069
6,8,0.03100620124024805,0.1284256851370274
6,9,0.02380476095219044,0.134626925385077
6,10,0.02540508101620324,0.13162632526505302
6,11,0.02080416083216643,0.13102620524104822
6,12,0.024204840968193638,0.1304260852170434
6,13,0.01880376075215043,0.12962592518503702
6,14,0.021804360872174435,0.1254250850170034
6,15,0.01800360072014403,0.12922584516903382
6,16,0.01900380076015203,0.12582516503300661
6,17,0.016603320664132826,0.12822564512902582
6,18,0.01860372074414883,0.1272254450890178
6,19,0.016603320664132826,0.128625725145029
6,20,0.017803560712142428,0.126625325065013
6,21,0.016603320664132826,0.1280256051210242
6,22,0.017603520704140826,0.124624924984997
6,23,0.015803160632126424,0.127625525105021
6,24,0.016403280656131225,0.1260252050410082
6,25,0.015003000600120024,0.126625325065013
6,26,0.015403080616123225,0.1264252850570114
6,27,0.014202840568113623,0.1284256851370274
6,28,0.015603120624124825,0.1264252850570114
6,29,0.014002800560112022,0.1284256851370274
6,30,0.015003000600120024,0.1272254450890178
6,31,0.014402880576115223,0.1274254850970194
6,32,0.015203040608121624,0.1260252050410082
6,33,0.014802960592118424,0.128625725145029
6,34,0.014802960592118424,0.127625525105021
6,35,0.014402880576115223,0.1288257651530306
6,36,0.014202840568113623,0.1274254850970194
6,37,0.014002800560112022,0.1298259651930386
6,38,0.014002800560112022,0.1272254450890178
6,39,0.013802760552110422,0.1280256051210242
6,40,0.014402880576115223,0.126625325065013
6,41,0.014002800560112022,0.1290258051610322
6,42,0.014402880576115223,0.1264252850570114
6,43,0.014202840568113623,0.1284256851370274
6,44,0.014602920584116823,0.1270254050810162
6,45,0.014402880576115223,0.1274254850970194
6,46,0.014402880576115223,0.127625525105021
6,47,0.014002800560112022,0.12822564512902582
6,48,0.014002800560112022,0.1274254850970194
6,49,0.013802760552110422,0.126625325065013
6,50,0.013802760552110422,0.12582516503300661
6,51,0.013602720544108821,0.125625125025005
6,52,0.013802760552110422,0.1248249649929986
6,53,0.013402680536107221,0.1260252050410082
6,54,0.013602720544108821,0.1250250050010002
6,55,0.013602720544108821,0.125625125025005
6,56,0.013802760552110422,0.124624924984997
6,57,0.013202640528105622,0.1252250450090018
6,58,0.013602720544108821,0.1250250050010002
6,59,0.013402680536107221,0.1250250050010002
6,60,0.013402680536107221,0.1250250050010002
6,61,0.013202640528105622,0.125625125025005
6,62,0.013402680536107221,0.1252250450090018
6,63,0.013202640528105622,0.125625125025005
6,64,0.013602720544108821,0.1244248849769954
6,65,0.013202640528105622,0.1242248449689938
6,66,0.013402680536107221,0.124624924984997
6,67,0.013402680536107221,0.1248249649929986
6,68,0.013402680536107221,0.12382476495299059
6,69,0.013402680536107221,0.12382476495299059
6,70,0.013602720544108821,0.1232246449289858
6,71,0.013602720544108821,0.12382476495299059
6,72,0.013602720544108821,0.1240248049609922
6,73,0.013402680536107221,0.1254250850170034
6,74,0.013602720544108821,0.1230246049209842
6,75,0.013402680536107221,0.1248249649929986
6,76,0.013402680536107221,0.1244248849769954
6,77,0.013402680536107221,0.1248249649929986
6,78,0.013402680536107221,0.1244248849769954
6,79,0.013402680536107221,0.1250250050010002
6,80,0.013402680536107221,0.1244248849769954
6,81,0.013202640528105622,0.12382476495299059
6,82,0.013202640528105622,0.1242248449689938
6,83,0.013202640528105622,0.12382476495299059
6,84,0.013402680536107221,0.12382476495299059
6,85,0.013202640528105622,0.1242248449689938
6,86,0.013402680536107221,0.1242248449689938
6,87,0.013402680536107221,0.1244248849769954
6,88,0.013402680536107221,0.1242248449689938
6,89,0.013202640528105622,0.1250250050010002
6,90,0.013202640528105622,0.124624924984997
6,91,0.013202640528105622,0.1252250450090018
6,92,0.013202640528105622,0.1250250050010002
6,93,0.013202640528105622,0.125625125025005
6,94,0.013202640528105622,0.125625125025005
6,95,0.013202640528105622,0.1254250850170034
6,96,0.013202640528105622,0.1252250450090018
6,97,0.013202640528105622,0.1248249649929986
6,98,0.013202640528105622,0.124624924984997
6,99,0.013202640528105622,0.125625125025005
6,100,0.013202640528105622,0.1252250450090018
6,101,0.013202640528105622,0.125625125025005
6,102,0.013202640528105622,0.1252250450090018
6,103,0.013202640528105622,0.125625125025005
6,104,0.013202640528105622,0.1252250450090018
6,105,0.013202640528105622,0.125625125025005
6,106,0.013202640528105622,0.1254250850170034
6,107,0.013202640528105622,0.12582516503300661
6,108,0.013202640528105622,0.1254250850170034
6,109,0.013202640528105622,0.1250250050010002
6,110,0.013202640528105622,0.12582516503300661
6,111,0.013202640528105622,0.12582516503300661
6,112,0.013202640528105622,0.1254250850170034
6,113,0.013202640528105622,0.1248249649929986
6,114,0.013202640528105622,0.125625125025005
6,115,0.013202640528105622,0.125625125025005
6,116,0.013202640528105622,0.12582516503300661
6,117,0.013202640528105622,0.1252250450090018
6,118,0.013202640528105622,0.1250250050010002
6,119,0.013202640528105622,0.1248249649929986
6,120,0.013202640528105622,0.124624924984997
6,121,0.013202640528105622,0.124624924984997
6,122,0.013202640528105622,0.1248249649929986
6,123,0.013202640528105622,0.1244248849769954
6,124,0.013202640528105622,0.1248249649929986
6,125,0.013202640528105622,0.1250250050010002
6,126,0.013202640528105622,0.1248249649929986
6,127,0.013202640528105622,0.1248249649929986
6,128,0.013202640528105622,0.124624924984997
6,129,0.013202640528105622,0.1242248449689938
6,130,0.013202640528105622,0.1244248849769954
6,131,0.013202640528105622,0.1242248449689938
6,132,0.013202640528105622,0.1244248849769954
6,133,0.013202640528105622,0.12382476495299059
6,134,0.013202640528105622,0.1248249649929986
6,135,0.013202640528105622,0.1244248849769954
6,136,0.013202640528105622,0.1244248849769954
6,137,0.013202640528105622,0.124624924984997
6,138,0.013202640528105622,0.1250250050010002
6,139,0.013202640528105622,0.124624924984997
6,140,0.013202640528105622,0.1248249649929986
6,141,0.013202640528105622,0.1244248849769954
6,142,0.013202640528105622,0.1244248849769954
6,143,0.013202640528105622,0.1244248849769954
6,144,0.013202640528105622,0.1244248849769954
6,145,0.013202640528105622,0.1250250050010002
6,146,0.013202640528105622,0.1248249649929986
6,147,0.013202640528105622,0.1248249649929986
6,148,0.013202640528105622,0.124624924984997
6,149,0.013202640528105622,0.1242248449689938
6,150,0.013202640528105622,0.12382476495299059
6,151,0.013202640528105622,0.12382476495299059
6,152,0.013202640528105622,0.1242248449689938
6,153,0.013202640528105622,0.1240248049609922
6,154,0.013202640528105622,0.1240248049609922
6,155,0.013202640528105622,0.1240248049609922
6,156,0.013202640528105622,0.1244248849769954
6,157,0.013202640528105622,0.12382476495299059
6,158,0.013202640528105622,0.1248249649929986
6,159,0.013202640528105622,0.1244248849769954
6,160,0.013202640528105622,0.124624924984997
6,161,0.013202640528105622,0.1244248849769954
6,162,0.013202640528105622,0.124624924984997
6,163,0.013202640528105622,0.1248249649929986
6,164,0.013202640528105622,0.1250250050010002
6,165,0.013202640528105622,0.1248249649929986
6,166,0.013202640528105622,0.1252250450090018
6,167,0.013202640528105622,0.1248249649929986
6,168,0.013202640528105622,0.124624924984997
6,169,0.013202640528105622,0.1252250450090018
6,170,0.013202640528105622,0.1248249649929986
6,171,0.013202640528105622,0.1250250050010002
6,172,0.013202640528105622,0.1242248449689938
6,173,0.013202640528105622,0.1250250050010002
6,174,0.013202640528105622,0.1248249649929986
6,175,0.013202640528105622,0.124624924984997
6,176,0.013202640528105622,0.1244248849769954
6,177,0.013202640528105622,0.1244248849769954
6,178,0.013202640528105622,0.1248249649929986
6,179,0.013202640528105622,0.124624924984997
6,180,0.013202640528105622,0.1248249649929986
6,181,0.013202640528105622,0.1244248849769954
6,182,0.013202640528105622,0.123624724944989
6,183,0.013202640528105622,0.12382476495299059
6,184,0.013202640528105622,0.1240248049609922
6,185,0.013202640528105622,0.1240248049609922
6,186,0.013202640528105622,0.1244248849769954
6,187,0.013202640528105622,0.1240248049609922
6,188,0.013202640528105622,0.1240248049609922
6,189,0.013202640528105622,0.1244248849769954
6,190,0.013202640528105622,0.1242248449689938
6,191,0.013202640528105622,0.1242248449689938
6,192,0.013202640528105622,0.1244248849769954
6,193,0.013202640528105622,0.1242248449689938
6,194,0.013202640528105622,0.1240248049609922
6,195,0.013202640528105622,0.12382476495299059
6,196,0.013202640528105622,0.1240248049609922
6,197,0.013202640528105622,0.1240248049609922
6,198,0.013202640528105622,0.1242248449689938
6,199,0.013202640528105622,0.1244248849769954
6,200,0.013202640528105622,0.1240248049609922
6,201,0.013202640528105622,0.12382476495299059
6,202,0.013202640528105622,0.123624724944989
6,203,0.013202640528105622,0.123624724944989
6,204,0.013202640528105622,0.123624724944989
6,205,0.013202640528105622,0.1240248049609922
6,206,0.013202640528105622,0.123624724944989
6,207,0.013202640528105622,0.1240248049609922
6,208,0.013202640528105622,0.123624724944989
6,209,0.013202640528105622,0.12382476495299059
6,210,0.013202640528105622,0.123624724944989
6,211,0.013202640528105622,0.12382476495299059
6,212,0.013202640528105622,0.1240248049609922
6,213,0.013202640528105622,0.1240248049609922
6,214,0.013202640528105622,0.1240248049609922
6,215,0.013202640528105622,0.12382476495299059
6,216,0.013202640528105622,0.1240248049609922
6,217,0.013202640528105622,0.12382476495299059
6,218,0.013202640528105622,0.1234246849369874
6,219,0.013202640528105622,0.1232246449289858
6,220,0.013202640528105622,0.1232246449289858
6,221,0.013202640528105622,0.1232246449289858
6,222,0.013202640528105622,0.1230246049209842
6,223,0.013202640528105622,0.1232246449289858
6,224,0.013202640528105622,0.12262452490498099
6,225,0.013202640528105622,0.1232246449289858
6,226,0.013202640528105622,0.12262452490498099
6,227,0.013202640528105622,0.1228245649129826
6,228,0.013202640528105622,0.1224244848969794
6,229,0.013202640528105622,0.1228245649129826
6,230,0.013202640528105622,0.1224244848969794
6,231,0.013202640528105622,0.1222244448889778
6,232,0.013202640528105622,0.1230246049209842
6,233,0.013202640528105622,0.1228245649129826
6,234,0.013202640528105622,0.1230246049209842
6,235,0.013202640528105622,0.1228245649129826
6,236,0.013202640528105622,0.1228245649129826
6,237,0.013202640528105622,0.1228245649129826
6,238,0.013202640528105622,0.1228245649129826
6,239,0.013202640528105622,0.12262452490498099
6,240,0.013202640528105622,0.12262452490498099
6,241,0.013202640528105622,0.12262452490498099
6,242,0.013202640528105622,0.1224244848969794
6,243,0.013202640528105622,0.12262452490498099
6,244,0.013202640528105622,0.1228245649129826
6,245,0.013202640528105622,0.12262452490498099
6,246,0.013202640528105622,0.1228245649129826
6,247,0.013202640528105622,0.1224244848969794
6,248,0.013202640528105622,0.1228245649129826
6,249,0.013202640528105622,0.1232246449289858
6,250,0.013202640528105622,0.1234246849369874
6,251,0.013202640528105622,0.1232246449289858
6,252,0.013202640528105622,0.1234246849369874
6,253,0.013202640528105622,0.1232246449289858
6,254,0.013202640528105622,0.12382476495299059
6,255,0.013202640528105622,0.1234246849369874
6,256,0.013202640528105622,0.1234246849369874
6,257,0.013202640528105622,0.1232246449289858
6,258,0.013202640528105622,0.1234246849369874
6,259,0.013202640528105622,0.1234246849369874
6,260,0.013202640528105622,0.123624724944989
6,261,0.013202640528105622,0.123624724944989
6,262,0.013202640528105622,0.1242248449689938
6,263,0.013202640528105622,0.123624724944989
6,264,0.013202640528105622,0.1234246849369874
6,265,0.013202640528105622,0.1232246449289858
6,266,0.013202640528105622,0.1234246849369874
6,267,0.013202640528105622,0.1234246849369874
6,268,0.013202640528105622,0.1234246849369874
6,269,0.013202640528105622,0.1234246849369874
6,270,0.013202640528105622,0.1234246849369874
6,271,0.013202640528105622,0.1234246849369874
6,272,0.013202640528105622,0.123624724944989
6,273,0.013202640528105622,0.123624724944989
6,274,0.013202640528105622,0.123624724944989
6,275,0.013202640528105622,0.123624724944989
6,276,0.013202640528105622,0.1234246849369874
6,277,0.013202640528105622,0.1234246849369874
6,278,0.013202640528105622,0.1232246449289858
6,279,0.013202640528105622,0.123624724944989
6,280,0.013202640528105622,0.1234246849369874
6,281,0.013202640528105622,0.1234246849369874
6,282,0.013202640528105622,0.1234246849369874
6,283,0.013202640528105622,0.1234246849369874
6,284,0.013202640528105622,0.1234246849369874
6,285,0.013202640528105622,0.1234246849369874
6,286,0.013202640528105622,0.12382476495299059
6,287,0.013202640528105622,0.123624724944989
6,288,0.013202640528105622,0.12382476495299059
6,289,0.013202640528105622,0.123624724944989
6,290,0.013202640528105622,0.1232246449289858
6,291,0.013202640528105622,0.1230246049209842
6,292,0.013202640528105622,0.1228245649129826
6,293,0.013202640528105622,0.1230246049209842
6,294,0.013202640528105622,0.1232246449289858
6,295,0.013202640528105622,0.1234246849369874
6,296,0.013202640528105622,0.123624724944989
6,297,0.013202640528105622,0.12382476495299059
6,298,0.013202640528105622,0.12382476495299059
6,299,0.013202640528105622,0.123624724944989
6,300,0.013202640528105622,0.12382476495299059
6,301,0.013202640528105622,0.12382476495299059
6,302,0.013202640528105622,0.1240248049609922
6,303,0.013202640528105622,0.1234246849369874
6,304,0.013202640528105622,0.1234246849369874
6,305,0.013202640528105622,0.1230246049209842
6,306,0.013202640528105622,0.1230246049209842
6,307,0.013202640528105622,0.1230246049209842
6,308,0.013202640528105622,0.1230246049209842
6,309,0.013202640528105622,0.1228245649129826
6,310,0.013202640528105622,0.1230246049209842
6,311,0.013202640528105622,0.1230246049209842
6,312,0.013202640528105622,0.1232246449289858
6,313,0.013202640528105622,0.1234246849369874
6,314,0.013202640528105622,0.12382476495299059
6,315,0.013202640528105622,0.1230246049209842
6,316,0.013202640528105622,0.1232246449289858
6,317,0.013202640528105622,0.1230246049209842
6,318,0.013202640528105622,0.1228245649129826
6,319,0.013202640528105622,0.1230246049209842
6,320,0.013202640528105622,0.1228245649129826
6,321,0.013202640528105622,0.1232246449289858
6,322,0.013202640528105622,0.1230246049209842
6,323,0.013202640528105622,0.12262452490498099
6,324,0.013202640528105622,0.1222244448889778
6,325,0.013202640528105622,0.1220244048809762
6,326,0.013202640528105622,0.1222244448889778
6,327,0.013202640528105622,0.1220244048809762
6,328,0.013202640528105622,0.1220244048809762
6,329,0.013202640528105622,0.1224244848969794
6,330,0.013202640528105622,0.1222244448889778
6,331,0.013202640528105622,0.1224244848969794
6,332,0.013202640528105622,0.1222244448889778
6,333,0.013202640528105622,0.1222244448889778
6,334,0.013202640528105622,0.1220244048809762
6,335,0.013202640528105622,0.1224244848969794
6,336,0.013202640528105622,0.1224244848969794
6,337,0.013202640528105622,0.1224244848969794
6,338,0.013202640528105622,0.1222244448889778
6,339,0.013202640528105622,0.1222244448889778
6,340,0.013202640528105622,0.1220244048809762
6,341,0.013202640528105622,0.1222244448889778
6,342,0.013202640528105622,0.12262452490498099
6,343,0.013202640528105622,0.1222244448889778
6,344,0.013202640528105622,0.1224244848969794
6,345,0.013202640528105622,0.1224244848969794
6,346,0.013202640528105622,0.1224244848969794
6,347,0.013202640528105622,0.1222244448889778
6,348,0.013202640528105622,0.12262452490498099
6,349,0.013202640528105622,0.12262452490498099
6,350,0.013202640528105622,0.12262452490498099
6,351,0.013202640528105622,0.12262452490498099
6,352,0.013202640528105622,0.12262452490498099
6,353,0.013202640528105622,0.1224244848969794
6,354,0.013202640528105622,0.1224244848969794
6,355,0.013202640528105622,0.12262452490498099
6,356,0.013202640528105622,0.1228245649129826
6,357,0.013202640528105622,0.12262452490498099
6,358,0.013202640528105622,0.12262452490498099
6,359,0.013202640528105622,0.1228245649129826
6,360,0.013202640528105622,0.12262452490498099
6,361,0.013202640528105622,0.1228245649129826
6,362,0.013202640528105622,0.1230246049209842
6,363,0.013202640528105622,0.1230246049209842
6,364,0.013202640528105622,0.1228245649129826
6,365,0.013202640528105622,0.1228245649129826
6,366,0.013202640528105622,0.1224244848969794
6,367,0.013202640528105622,0.1228245649129826
6,368,0.013202640528105622,0.1230246049209842
6,369,0.013202640528105622,0.1230246049209842
6,370,0.013202640528105622,0.12262452490498099
6,371,0.013202640528105622,0.1232246449289858
6,372,0.013202640528105622,0.1228245649129826
6,373,0.013202640528105622,0.1228245649129826
6,374,0.013202640528105622,0.12262452490498099
6,375,0.013202640528105622,0.12262452490498099
6,376,0.013202640528105622,0.12262452490498099
6,377,0.013202640528105622,0.1232246449289858
6,378,0.013202640528105622,0.12262452490498099
6,379,0.013202640528105622,0.1230246049209842
6,380,0.013202640528105622,0.1224244848969794
6,381,0.013202640528105622,0.12262452490498099
6,382,0.013202640528105622,0.12262452490498099
6,383,0.013202640528105622,0.1230246049209842
6,384,0.013202640528105622,0.1232246449289858
6,385,0.013202640528105622,0.1228245649129826
6,386,0.013202640528105622,0.1228245649129826
6,387,0.013202640528105622,0.1228245649129826
6,388,0.013202640528105622,0.1228245649129826
6,389,0.013202640528105622,0.1228245649129826
6,390,0.013202640528105622,0.1228245649129826
6,391,0.013202640528105622,0.1232246449289858
6,392,0.013202640528105622,0.1228245649129826
6,393,0.013202640528105622,0.1230246049209842
6,394,0.013202640528105622,0.12262452490498099
6,395,0.013202640528105622,0.1228245649129826
6,396,0.013202640528105622,0.12262452490498099
6,397,0.013202640528105622,0.1224244848969794
6,398,0.013202640528105622,0.12262452490498099
6,399,0.013202640528105622,0.1224244848969794
6,400,0.013202640528105622,0.1224244848969794
6,401,0.013202640528105622,0.12262452490498099
6,402,0.013202640528105622,0.1222244448889778
6,403,0.013202640528105622,0.12262452490498099
6,404,0.013202640528105622,0.12262452490498099
6,405,0.013202640528105622,0.1222244448889778
6,406,0.013202640528105622,0.12262452490498099
6,407,0.013202640528105622,0.1228245649129826
6,408,0.013202640528105622,0.12262452490498099
6,409,0.013202640528105622,0.1228245649129826
6,410,0.013202640528105622,0.1224244848969794
6,411,0.013202640528105622,0.1224244848969794
6,412,0.013202640528105622,0.1222244448889778
6,413,0.013202640528105622,0.12262452490498099
6,414,0.013202640528105622,0.12262452490498099
6,415,0.013202640528105622,0.1228245649129826
6,416,0.013202640528105622,0.12262452490498099
6,417,0.013202640528105622,0.1222244448889778
6,418,0.013202640528105622,0.1220244048809762
6,419,0.013202640528105622,0.1222244448889778
6,420,0.013202640528105622,0.1222244448889778
6,421,0.013202640528105622,0.1224244848969794
6,422,0.013202640528105622,0.1218243648729746
6,423,0.013202640528105622,0.1220244048809762
6,424,0.013202640528105622,0.1218243648729746
6,425,0.013202640528105622,0.1220244048809762
6,426,0.013202640528105622,0.1222244448889778
6,427,0.013202640528105622,0.1224244848969794
6,428,0.013202640528105622,0.1220244048809762
6,429,0.013202640528105622,0.1222244448889778
6,430,0.013202640528105622,0.1222244448889778
6,431,0.013202640528105622,0.1224244848969794
6,432,0.013202640528105622,0.1222244448889778
6,433,0.013202640528105622,0.1224244848969794
6,434,0.013202640528105622,0.1222244448889778
6,435,0.013202640528105622,0.1224244848969794
6,436,0.013202640528105622,0.1222244448889778
6,437,0.013202640528105622,0.1224244848969794
6,438,0.013202640528105622,0.1222244448889778
6,439,0.013202640528105622,0.1224244848969794
6,440,0.013202640528105622,0.1222244448889778
6,441,0.013202640528105622,0.1224244848969794
6,442,0.013202640528105622,0.1224244848969794
6,443,0.013202640528105622,0.1220244048809762
6,444,0.013202640528105622,0.1224244848969794
6,445,0.013202640528105622,0.1222244448889778
6,446,0.013202640528105622,0.1224244848969794
6,447,0.013202640528105622,0.1222244448889778
6,448,0.013202640528105622,0.1222244448889778
6,449,0.013202640528105622,0.1222244448889778
6,450,0.013202640528105622,0.1224244848969794
6,451,0.013202640528105622,0.12262452490498099
6,452,0.013202640528105622,0.12262452490498099
6,453,0.013202640528105622,0.1224244848969794
6,454,0.013202640528105622,0.1224244848969794
6,455,0.013202640528105622,0.1222244448889778
6,456,0.013202640528105622,0.1228245649129826
6,457,0.013202640528105622,0.1222244448889778
6,458,0.013202640528105622,0.12262452490498099
6,459,0.013202640528105622,0.12262452490498099
6,460,0.013202640528105622,0.12262452490498099
6,461,0.013202640528105622,0.12262452490498099
6,462,0.013202640528105622,0.12262452490498099
6,463,0.013202640528105622,0.12262452490498099
6,464,0.013202640528105622,0.1222244448889778
6,465,0.013202640528105622,0.12262452490498099
6,466,0.013202640528105622,0.1222244448889778
6,467,0.013202640528105622,0.12262452490498099
6,468,0.013202640528105622,0.1224244848969794
6,469,0.013202640528105622,0.12262452490498099
6,470,0.013202640528105622,0.1224244848969794
6,471,0.013202640528105622,0.1224244848969794
6,472,0.013202640528105622,0.12262452490498099
6,473,0.013202640528105622,0.12262452490498099
6,474,0.013202640528105622,0.12262452490498099
6,475,0.013202640528105622,0.1224244848969794
6,476,0.013202640528105622,0.1222244448889778
6,477,0.013202640528105622,0.12262452490498099
6,478,0.013202640528105622,0.1224244848969794
6,479,0.013202640528105622,0.1230246049209842
6,480,0.013202640528105622,0.12262452490498099
6,481,0.013202640528105622,0.1228245649129826
6,482,0.013202640528105622,0.1228245649129826
6,483,0.013202640528105622,0.1230246049209842
6,484,0.013202640528105622,0.1230246049209842
6,485,0.013202640528105622,0.1230246049209842
6,486,0.013202640528105622,0.1230246049209842
6,487,0.013202640528105622,0.1228245649129826
6,488,0.013202640528105622,0.1230246049209842
6,489,0.013202640528105622,0.1230246049209842
6,490,0.013202640528105622,0.1230246049209842
6,491,0.013202640528105622,0.1234246849369874
6,492,0.013202640528105622,0.1232246449289858
6,493,0.013202640528105622,0.1232246449289858
6,494,0.013202640528105622,0.1230246049209842
6,495,0.013202640528105622,0.1234246849369874
6,496,0.013202640528105622,0.1232246449289858
6,497,0.013202640528105622,0.1232246449289858
6,498,0.013202640528105622,0.1230246049209842
6,499,0.013202640528105622,0.1234246849369874
6,500,0.013202640528105622,0.1230246049209842
