n,model,train_error,test_error
1,adaboost,0.178375,0.1885
1,bagged_trees,0.10933333333333334,0.2738333333333333
1,random_forest,0.10625,0.25966666666666666
2,adaboost,0.178375,0.1885
2,bagged_trees,0.10183333333333333,0.22333333333333333
2,random_forest,0.10504166666666667,0.22116666666666668
3,adaboost,0.178375,0.1885
3,bagged_trees,0.06491666666666666,0.23933333333333334
3,random_forest,0.06345833333333334,0.22733333333333333
4,adaboost,0.178375,0.1885
4,bagged_trees,0.07154166666666667,0.21416666666666667
4,random_forest,0.071625,0.21116666666666667
5,adaboost,0.178375,0.1885
5,bagged_trees,0.049833333333333334,0.22616666666666665
5,random_forest,0.049708333333333334,0.21716666666666667
6,adaboost,0.178375,0.1885
6,bagged_trees,0.057583333333333334,0.21666666666666667
6,random_forest,0.056125,0.21283333333333335
7,adaboost,0.178375,0.1885
7,bagged_trees,0.043583333333333335,0.2225
7,random_forest,0.04075,0.215
8,adaboost,0.178375,0.1885
8,bagged_trees,0.048791666666666664,0.21266666666666667
8,random_forest,0.04633333333333333,0.2075
9,adaboost,0.17795833333333333,0.18916666666666668
9,bagged_trees,0.03775,0.2185
9,random_forest,0.035333333333333335,0.21
10,adaboost,0.17775,0.189
10,bagged_trees,0.04170833333333333,0.20933333333333334
10,random_forest,0.04058333333333333,0.20666666666666667
11,adaboost,0.17933333333333334,0.19033333333333333
11,bagged_trees,0.034666666666666665,0.217
11,random_forest,0.03295833333333333,0.20933333333333334
12,adaboost,0.17779166666666665,0.188
12,bagged_trees,0.037625,0.2115
12,random_forest,0.03779166666666667,0.2055
13,adaboost,0.17833333333333334,0.18866666666666668
13,bagged_trees,0.032625,0.21466666666666667
13,random_forest,0.030916666666666665,0.2065
14,adaboost,0.178625,0.18883333333333333
14,bagged_trees,0.035125,0.21183333333333335
14,random_forest,0.034208333333333334,0.205
15,adaboost,0.17845833333333333,0.1885
15,bagged_trees,0.030916666666666665,0.21433333333333332
15,random_forest,0.029958333333333333,0.2045
16,adaboost,0.17845833333333333,0.1885
16,bagged_trees,0.033375,0.21166666666666667
16,random_forest,0.03245833333333333,0.20283333333333334
17,adaboost,0.17845833333333333,0.1885
17,bagged_trees,0.0295,0.21383333333333332
17,random_forest,0.028291666666666666,0.205
18,adaboost,0.17845833333333333,0.1885
18,bagged_trees,0.03191666666666667,0.20866666666666667
18,random_forest,0.030625,0.2035
19,adaboost,0.17845833333333333,0.1885
19,bagged_trees,0.029166666666666667,0.21316666666666667
19,random_forest,0.027583333333333335,0.20483333333333334
20,adaboost,0.177,0.18816666666666668
20,bagged_trees,0.030833333333333334,0.21133333333333335
20,random_forest,0.029458333333333333,0.20316666666666666
21,adaboost,0.17808333333333334,0.18916666666666668
21,bagged_trees,0.028583333333333332,0.21433333333333332
21,random_forest,0.027166666666666665,0.204
22,adaboost,0.17808333333333334,0.18866666666666668
22,bagged_trees,0.030333333333333334,0.21083333333333334
22,random_forest,0.028625,0.2035
23,adaboost,0.17870833333333333,0.18983333333333333
23,bagged_trees,0.028,0.21066666666666667
23,random_forest,0.026708333333333334,0.20333333333333334
24,adaboost,0.17733333333333334,0.1885
24,bagged_trees,0.029583333333333333,0.2085
24,random_forest,0.027875,0.20366666666666666
25,adaboost,0.17833333333333334,0.19
25,bagged_trees,0.026958333333333334,0.20866666666666667
25,random_forest,0.026291666666666668,0.20366666666666666
26,adaboost,0.178,0.18983333333333333
26,bagged_trees,0.028,0.20816666666666667
26,random_forest,0.02725,0.20283333333333334
27,adaboost,0.17779166666666665,0.18883333333333333
27,bagged_trees,0.026125,0.20816666666666667
27,random_forest,0.025958333333333333,0.2025
28,adaboost,0.17845833333333333,0.189
28,bagged_trees,0.026875,0.20783333333333334
28,random_forest,0.02654166666666667,0.2015
29,adaboost,0.177625,0.18866666666666668
29,bagged_trees,0.025625,0.209
29,random_forest,0.025416666666666667,0.20266666666666666
30,adaboost,0.17816666666666667,0.18883333333333333
30,bagged_trees,0.026375,0.20783333333333334
30,random_forest,0.026083333333333333,0.1995
31,adaboost,0.17870833333333333,0.18816666666666668
31,bagged_trees,0.025541666666666667,0.209
31,random_forest,0.024916666666666667,0.20283333333333334
32,adaboost,0.17833333333333334,0.18833333333333332
32,bagged_trees,0.026458333333333334,0.209
32,random_forest,0.025625,0.20133333333333334
33,adaboost,0.17845833333333333,0.1885
33,bagged_trees,0.02525,0.20883333333333334
33,random_forest,0.024958333333333332,0.2025
34,adaboost,0.17829166666666665,0.18833333333333332
34,bagged_trees,0.025958333333333333,0.20866666666666667
34,random_forest,0.025416666666666667,0.2005
35,adaboost,0.178375,0.1885
35,bagged_trees,0.024916666666666667,0.208
35,random_forest,0.024416666666666666,0.20316666666666666
36,adaboost,0.17825,0.1885
36,bagged_trees,0.025375,0.208
36,random_forest,0.024958333333333332,0.2015
37,adaboost,0.17858333333333334,0.18833333333333332
37,bagged_trees,0.024625,0.2085
37,random_forest,0.024375,0.2025
38,adaboost,0.178375,0.18833333333333332
38,bagged_trees,0.025083333333333332,0.20966666666666667
38,random_forest,0.024708333333333332,0.201
39,adaboost,0.17920833333333333,0.18916666666666668
39,bagged_trees,0.024375,0.20983333333333334
39,random_forest,0.024333333333333332,0.2025
40,adaboost,0.17895833333333333,0.18933333333333333
40,bagged_trees,0.024833333333333332,0.2095
40,random_forest,0.024458333333333332,0.19966666666666666
41,adaboost,0.178875,0.18966666666666668
41,bagged_trees,0.024375,0.21
41,random_forest,0.024125,0.2
42,adaboost,0.178875,0.18933333333333333
42,bagged_trees,0.024708333333333332,0.20916666666666667
42,random_forest,0.024333333333333332,0.1985
43,adaboost,0.17908333333333334,0.1895
43,bagged_trees,0.024291666666666666,0.20916666666666667
43,random_forest,0.024125,0.19866666666666666
44,adaboost,0.17875,0.18933333333333333
44,bagged_trees,0.0245,0.20733333333333334
44,random_forest,0.024166666666666666,0.19733333333333333
45,adaboost,0.17895833333333333,0.1895
45,bagged_trees,0.024041666666666666,0.20666666666666667
45,random_forest,0.024083333333333335,0.19833333333333333
46,adaboost,0.178875,0.18933333333333333
46,bagged_trees,0.024291666666666666,0.20716666666666667
46,random_forest,0.024125,0.1975
47,adaboost,0.17829166666666665,0.189
47,bagged_trees,0.023916666666666666,0.20716666666666667
47,random_forest,0.023916666666666666,0.19816666666666666
48,adaboost,0.17933333333333334,0.1895
48,bagged_trees,0.023958333333333335,0.20666666666666667
48,random_forest,0.024166666666666666,0.197
49,adaboost,0.17908333333333334,0.18966666666666668
49,bagged_trees,0.02375,0.207
49,random_forest,0.023958333333333335,0.198
50,adaboost,0.17920833333333333,0.19
50,bagged_trees,0.023875,0.20733333333333334
50,random_forest,0.024041666666666666,0.19766666666666666
51,adaboost,0.179125,0.19
51,bagged_trees,0.023666666666666666,0.20733333333333334
51,random_forest,0.023833333333333335,0.1985
52,adaboost,0.179375,0.19
52,bagged_trees,0.02375,0.20816666666666667
52,random_forest,0.023875,0.19733333333333333
53,adaboost,0.17908333333333334,0.19
53,bagged_trees,0.023583333333333335,0.2075
53,random_forest,0.02375,0.19883333333333333
54,adaboost,0.17816666666666667,0.18866666666666668
54,bagged_trees,0.023666666666666666,0.20633333333333334
54,random_forest,0.023875,0.19683333333333333
55,adaboost,0.17895833333333333,0.18983333333333333
55,bagged_trees,0.023541666666666666,0.2065
55,random_forest,0.023791666666666666,0.19783333333333333
56,adaboost,0.17908333333333334,0.18933333333333333
56,bagged_trees,0.0235,0.20583333333333334
56,random_forest,0.023833333333333335,0.197
57,adaboost,0.17816666666666667,0.1885
57,bagged_trees,0.0235,0.2065
57,random_forest,0.023625,0.1975
58,adaboost,0.178125,0.1885
58,bagged_trees,0.023541666666666666,0.20566666666666666
58,random_forest,0.02375,0.197
59,adaboost,0.17825,0.18866666666666668
59,bagged_trees,0.0235,0.20533333333333334
59,random_forest,0.023583333333333335,0.19916666666666666
60,adaboost,0.17820833333333333,0.1885
60,bagged_trees,0.023541666666666666,0.20483333333333334
60,random_forest,0.02375,0.19766666666666666
61,adaboost,0.17833333333333334,0.18866666666666668
61,bagged_trees,0.0235,0.20566666666666666
61,random_forest,0.023583333333333335,0.19866666666666666
62,adaboost,0.17820833333333333,0.1885
62,bagged_trees,0.023541666666666666,0.205
62,random_forest,0.023666666666666666,0.19816666666666666
63,adaboost,0.17833333333333334,0.18866666666666668
63,bagged_trees,0.023458333333333335,0.205
63,random_forest,0.023541666666666666,0.19916666666666666
64,adaboost,0.178125,0.18866666666666668
64,bagged_trees,0.0235,0.20433333333333334
64,random_forest,0.023666666666666666,0.1985
65,adaboost,0.17825,0.18866666666666668
65,bagged_trees,0.023458333333333335,0.205
65,random_forest,0.023416666666666665,0.19816666666666666
66,adaboost,0.178125,0.18866666666666668
66,bagged_trees,0.023541666666666666,0.205
66,random_forest,0.0235,0.198
67,adaboost,0.17816666666666667,0.18866666666666668
67,bagged_trees,0.023458333333333335,0.20383333333333334
67,random_forest,0.023333333333333334,0.19733333333333333
68,adaboost,0.178125,0.18866666666666668
68,bagged_trees,0.023416666666666665,0.2045
68,random_forest,0.023375,0.1985
69,adaboost,0.17816666666666667,0.18866666666666668
69,bagged_trees,0.023416666666666665,0.2045
69,random_forest,0.023291666666666665,0.1985
70,adaboost,0.17825,0.18833333333333332
70,bagged_trees,0.023375,0.20383333333333334
70,random_forest,0.023416666666666665,0.1985
71,adaboost,0.1785,0.18883333333333333
71,bagged_trees,0.023333333333333334,0.20533333333333334
71,random_forest,0.023208333333333334,0.1975
72,adaboost,0.17804166666666665,0.18866666666666668
72,bagged_trees,0.023375,0.20566666666666666
72,random_forest,0.023291666666666665,0.198
73,adaboost,0.17804166666666665,0.18866666666666668
73,bagged_trees,0.023333333333333334,0.206
73,random_forest,0.023208333333333334,0.19733333333333333
74,adaboost,0.178,0.1885
74,bagged_trees,0.023375,0.20616666666666666
74,random_forest,0.02325,0.1975
75,adaboost,0.17808333333333334,0.1885
75,bagged_trees,0.023333333333333334,0.2065
75,random_forest,0.023208333333333334,0.19733333333333333
76,adaboost,0.17754166666666665,0.18816666666666668
76,bagged_trees,0.023333333333333334,0.20566666666666666
76,random_forest,0.023208333333333334,0.19816666666666666
77,adaboost,0.17779166666666665,0.1885
77,bagged_trees,0.023333333333333334,0.20533333333333334
77,random_forest,0.023208333333333334,0.19816666666666666
78,adaboost,0.17775,0.18833333333333332
78,bagged_trees,0.023375,0.20516666666666666
78,random_forest,0.023208333333333334,0.19883333333333333
79,adaboost,0.17758333333333334,0.18833333333333332
79,bagged_trees,0.023291666666666665,0.20566666666666666
79,random_forest,0.023208333333333334,0.1985
80,adaboost,0.17766666666666667,0.18833333333333332
80,bagged_trees,0.023291666666666665,0.20566666666666666
80,random_forest,0.023208333333333334,0.19716666666666666
81,adaboost,0.17766666666666667,0.18833333333333332
81,bagged_trees,0.02325,0.20583333333333334
81,random_forest,0.023208333333333334,0.19816666666666666
82,adaboost,0.177875,0.18833333333333332
82,bagged_trees,0.02325,0.20633333333333334
82,random_forest,0.02325,0.197
83,adaboost,0.17766666666666667,0.18833333333333332
83,bagged_trees,0.02325,0.20566666666666666
83,random_forest,0.023208333333333334,0.19683333333333333
84,adaboost,0.17783333333333334,0.18833333333333332
84,bagged_trees,0.02325,0.20566666666666666
84,random_forest,0.02325,0.1965
85,adaboost,0.17745833333333333,0.18816666666666668
85,bagged_trees,0.02325,0.20616666666666666
85,random_forest,0.023208333333333334,0.19783333333333333
86,adaboost,0.17783333333333334,0.18833333333333332
86,bagged_trees,0.02325,0.206
86,random_forest,0.02325,0.19616666666666666
87,adaboost,0.17766666666666667,0.18833333333333332
87,bagged_trees,0.02325,0.20666666666666667
87,random_forest,0.023208333333333334,0.19666666666666666
88,adaboost,0.17783333333333334,0.18833333333333332
88,bagged_trees,0.02325,0.20533333333333334
88,random_forest,0.02325,0.1965
89,adaboost,0.17766666666666667,0.18833333333333332
89,bagged_trees,0.023208333333333334,0.20533333333333334
89,random_forest,0.023208333333333334,0.19716666666666666
90,adaboost,0.17783333333333334,0.18833333333333332
90,bagged_trees,0.023208333333333334,0.2055
90,random_forest,0.02325,0.19633333333333333
91,adaboost,0.17766666666666667,0.18833333333333332
91,bagged_trees,0.023166666666666665,0.206
91,random_forest,0.02325,0.1975
92,adaboost,0.17770833333333333,0.1885
92,bagged_trees,0.02325,0.20633333333333334
92,random_forest,0.02325,0.19666666666666666
93,adaboost,0.17758333333333334,0.18833333333333332
93,bagged_trees,0.023166666666666665,0.2065
93,random_forest,0.02325,0.198
94,adaboost,0.177625,0.18833333333333332
94,bagged_trees,0.023208333333333334,0.20583333333333334
94,random_forest,0.02325,0.19733333333333333
95,adaboost,0.17779166666666665,0.18833333333333332
95,bagged_trees,0.023166666666666665,0.20566666666666666
95,random_forest,0.02325,0.1985
96,adaboost,0.17770833333333333,0.18833333333333332
96,bagged_trees,0.023166666666666665,0.2055
96,random_forest,0.02325,0.19816666666666666
97,adaboost,0.17779166666666665,0.18833333333333332
97,bagged_trees,0.023166666666666665,0.20633333333333334
97,random_forest,0.02325,0.19816666666666666
98,adaboost,0.17770833333333333,0.18833333333333332
98,bagged_trees,0.023208333333333334,0.205
98,random_forest,0.02325,0.19683333333333333
99,adaboost,0.17779166666666665,0.18833333333333332
99,bagged_trees,0.023166666666666665,0.20583333333333334
99,random_forest,0.023208333333333334,0.1985
100,adaboost,0.17766666666666667,0.18833333333333332
100,bagged_trees,0.023208333333333334,0.20533333333333334
100,random_forest,0.023333333333333334,0.19833333333333333
101,adaboost,0.17754166666666665,0.18833333333333332
101,bagged_trees,0.023166666666666665,0.20633333333333334
101,random_forest,0.02325,0.19866666666666666
102,adaboost,0.17775,0.18833333333333332
102,bagged_trees,0.023208333333333334,0.20583333333333334
102,random_forest,0.023333333333333334,0.19783333333333333
103,adaboost,0.17741666666666667,0.18833333333333332
103,bagged_trees,0.023166666666666665,0.206
103,random_forest,0.023208333333333334,0.19783333333333333
104,adaboost,0.178,0.18883333333333333
104,bagged_trees,0.023166666666666665,0.20483333333333334
104,random_forest,0.02325,0.19783333333333333
105,adaboost,0.17791666666666667,0.18883333333333333
105,bagged_trees,0.023166666666666665,0.20566666666666666
105,random_forest,0.023208333333333334,0.19816666666666666
106,adaboost,0.177875,0.18816666666666668
106,bagged_trees,0.023166666666666665,0.20566666666666666
106,random_forest,0.023208333333333334,0.198
107,adaboost,0.17795833333333333,0.18866666666666668
107,bagged_trees,0.023166666666666665,0.20583333333333334
107,random_forest,0.023208333333333334,0.19883333333333333
108,adaboost,0.17795833333333333,0.18833333333333332
108,bagged_trees,0.023166666666666665,0.2055
108,random_forest,0.023208333333333334,0.198
109,adaboost,0.17791666666666667,0.18883333333333333
109,bagged_trees,0.023166666666666665,0.20566666666666666
109,random_forest,0.023208333333333334,0.19783333333333333
110,adaboost,0.17783333333333334,0.18833333333333332
110,bagged_trees,0.023166666666666665,0.20466666666666666
110,random_forest,0.023208333333333334,0.19733333333333333
111,adaboost,0.17791666666666667,0.18883333333333333
111,bagged_trees,0.023166666666666665,0.20516666666666666
111,random_forest,0.023208333333333334,0.1975
112,adaboost,0.17783333333333334,0.18833333333333332
112,bagged_trees,0.023166666666666665,0.20516666666666666
112,random_forest,0.023208333333333334,0.19816666666666666
113,adaboost,0.17770833333333333,0.18833333333333332
113,bagged_trees,0.023166666666666665,0.206
113,random_forest,0.023208333333333334,0.1975
114,adaboost,0.17775,0.1885
114,bagged_trees,0.023166666666666665,0.206
114,random_forest,0.023208333333333334,0.1975
115,adaboost,0.17791666666666667,0.18883333333333333
115,bagged_trees,0.023166666666666665,0.206
115,random_forest,0.023208333333333334,0.19766666666666666
116,adaboost,0.17775,0.1885
116,bagged_trees,0.023166666666666665,0.205
116,random_forest,0.023208333333333334,0.19683333333333333
117,adaboost,0.17791666666666667,0.18883333333333333
117,bagged_trees,0.023166666666666665,0.20533333333333334
117,random_forest,0.023208333333333334,0.1975
118,adaboost,0.17775,0.1885
118,bagged_trees,0.023166666666666665,0.20483333333333334
118,random_forest,0.02325,0.1965
119,adaboost,0.17766666666666667,0.18833333333333332
119,bagged_trees,0.023166666666666665,0.20483333333333334
119,random_forest,0.023208333333333334,0.197
120,adaboost,0.17783333333333334,0.1885
120,bagged_trees,0.023166666666666665,0.205
120,random_forest,0.023208333333333334,0.1965
121,adaboost,0.17766666666666667,0.18833333333333332
121,bagged_trees,0.023166666666666665,0.2055
121,random_forest,0.023208333333333334,0.197
122,adaboost,0.17783333333333334,0.1885
122,bagged_trees,0.023166666666666665,0.2045
122,random_forest,0.02325,0.19683333333333333
123,adaboost,0.17766666666666667,0.18833333333333332
123,bagged_trees,0.023166666666666665,0.20483333333333334
123,random_forest,0.023208333333333334,0.19716666666666666
124,adaboost,0.17770833333333333,0.1885
124,bagged_trees,0.023166666666666665,0.205
124,random_forest,0.023208333333333334,0.19616666666666666
125,adaboost,0.17791666666666667,0.18883333333333333
125,bagged_trees,0.023166666666666665,0.20583333333333334
125,random_forest,0.023208333333333334,0.19716666666666666
126,adaboost,0.17770833333333333,0.1885
126,bagged_trees,0.023166666666666665,0.20566666666666666
126,random_forest,0.023208333333333334,0.1965
127,adaboost,0.17791666666666667,0.18883333333333333
127,bagged_trees,0.023166666666666665,0.20533333333333334
127,random_forest,0.023208333333333334,0.19683333333333333
128,adaboost,0.17770833333333333,0.1885
128,bagged_trees,0.023166666666666665,0.20566666666666666
128,random_forest,0.023208333333333334,0.19683333333333333
129,adaboost,0.17766666666666667,0.18833333333333332
129,bagged_trees,0.023166666666666665,0.20583333333333334
129,random_forest,0.023208333333333334,0.1965
130,adaboost,0.17783333333333334,0.1885
130,bagged_trees,0.023166666666666665,0.2055
130,random_forest,0.023208333333333334,0.19616666666666666
131,adaboost,0.17766666666666667,0.18833333333333332
131,bagged_trees,0.023166666666666665,0.20516666666666666
131,random_forest,0.023208333333333334,0.19666666666666666
132,adaboost,0.17770833333333333,0.1885
132,bagged_trees,0.023166666666666665,0.20516666666666666
132,random_forest,0.023208333333333334,0.19616666666666666
133,adaboost,0.17791666666666667,0.18883333333333333
133,bagged_trees,0.023166666666666665,0.20533333333333334
133,random_forest,0.023208333333333334,0.19683333333333333
134,adaboost,0.17770833333333333,0.1885
134,bagged_trees,0.023166666666666665,0.20566666666666666
134,random_forest,0.023208333333333334,0.19616666666666666
135,adaboost,0.17791666666666667,0.18883333333333333
135,bagged_trees,0.023166666666666665,0.20516666666666666
135,random_forest,0.023208333333333334,0.197
136,adaboost,0.17770833333333333,0.1885
136,bagged_trees,0.023166666666666665,0.20483333333333334
136,random_forest,0.023208333333333334,0.19633333333333333
137,adaboost,0.17766666666666667,0.18833333333333332
137,bagged_trees,0.023166666666666665,0.20483333333333334
137,random_forest,0.023208333333333334,0.1965
138,adaboost,0.17795833333333333,0.18883333333333333
138,bagged_trees,0.023166666666666665,0.20566666666666666
138,random_forest,0.023208333333333334,0.196
139,adaboost,0.17779166666666665,0.18883333333333333
139,bagged_trees,0.023166666666666665,0.20566666666666666
139,random_forest,0.023208333333333334,0.1965
140,adaboost,0.178,0.18883333333333333
140,bagged_trees,0.023166666666666665,0.2055
140,random_forest,0.023208333333333334,0.19583333333333333
141,adaboost,0.17779166666666665,0.18883333333333333
141,bagged_trees,0.023166666666666665,0.20516666666666666
141,random_forest,0.023208333333333334,0.1965
142,adaboost,0.178,0.18883333333333333
142,bagged_trees,0.023166666666666665,0.20583333333333334
142,random_forest,0.023208333333333334,0.19633333333333333
143,adaboost,0.17779166666666665,0.18883333333333333
143,bagged_trees,0.023166666666666665,0.2055
143,random_forest,0.023208333333333334,0.19633333333333333
144,adaboost,0.17779166666666665,0.18883333333333333
144,bagged_trees,0.023166666666666665,0.20516666666666666
144,random_forest,0.023208333333333334,0.19616666666666666
145,adaboost,0.17783333333333334,0.18883333333333333
145,bagged_trees,0.023166666666666665,0.205
145,random_forest,0.023208333333333334,0.19733333333333333
146,adaboost,0.17779166666666665,0.18866666666666668
146,bagged_trees,0.023166666666666665,0.20516666666666666
146,random_forest,0.023208333333333334,0.1965
147,adaboost,0.17791666666666667,0.18883333333333333
147,bagged_trees,0.023166666666666665,0.205
147,random_forest,0.023208333333333334,0.19683333333333333
148,adaboost,0.17779166666666665,0.18866666666666668
148,bagged_trees,0.023166666666666665,0.205
148,random_forest,0.023208333333333334,0.19633333333333333
149,adaboost,0.17745833333333333,0.1885
149,bagged_trees,0.023166666666666665,0.20516666666666666
149,random_forest,0.023208333333333334,0.19666666666666666
150,adaboost,0.17791666666666667,0.1895
150,bagged_trees,0.023166666666666665,0.205
150,random_forest,0.023208333333333334,0.196
151,adaboost,0.17779166666666665,0.1895
151,bagged_trees,0.023166666666666665,0.205
151,random_forest,0.023208333333333334,0.1965
152,adaboost,0.17783333333333334,0.1895
152,bagged_trees,0.023166666666666665,0.20516666666666666
152,random_forest,0.023208333333333334,0.19616666666666666
153,adaboost,0.177625,0.18866666666666668
153,bagged_trees,0.023166666666666665,0.2055
153,random_forest,0.023208333333333334,0.19616666666666666
154,adaboost,0.17795833333333333,0.189
154,bagged_trees,0.023166666666666665,0.20633333333333334
154,random_forest,0.023208333333333334,0.19566666666666666
155,adaboost,0.17783333333333334,0.189
155,bagged_trees,0.023166666666666665,0.20583333333333334
155,random_forest,0.023208333333333334,0.196
156,adaboost,0.177875,0.18883333333333333
156,bagged_trees,0.023166666666666665,0.206
156,random_forest,0.023208333333333334,0.19583333333333333
157,adaboost,0.17783333333333334,0.189
157,bagged_trees,0.023166666666666665,0.2055
157,random_forest,0.023208333333333334,0.196
158,adaboost,0.177875,0.18883333333333333
158,bagged_trees,0.023166666666666665,0.20616666666666666
158,random_forest,0.023208333333333334,0.196
159,adaboost,0.17783333333333334,0.189
159,bagged_trees,0.023166666666666665,0.206
159,random_forest,0.023208333333333334,0.19616666666666666
160,adaboost,0.177875,0.18883333333333333
160,bagged_trees,0.023166666666666665,0.20633333333333334
160,random_forest,0.023208333333333334,0.196
161,adaboost,0.177625,0.189
161,bagged_trees,0.023166666666666665,0.20633333333333334
161,random_forest,0.023208333333333334,0.196
162,adaboost,0.177875,0.189
162,bagged_trees,0.023166666666666665,0.20583333333333334
162,random_forest,0.023208333333333334,0.19616666666666666
163,adaboost,0.177625,0.189
163,bagged_trees,0.023166666666666665,0.2055
163,random_forest,0.023208333333333334,0.1965
164,adaboost,0.17783333333333334,0.18883333333333333
164,bagged_trees,0.023166666666666665,0.20516666666666666
164,random_forest,0.023208333333333334,0.1965
165,adaboost,0.17795833333333333,0.18916666666666668
165,bagged_trees,0.023166666666666665,0.20566666666666666
165,random_forest,0.023208333333333334,0.1965
166,adaboost,0.17783333333333334,0.18966666666666668
166,bagged_trees,0.023166666666666665,0.206
166,random_forest,0.023208333333333334,0.1965
167,adaboost,0.17795833333333333,0.1895
167,bagged_trees,0.023166666666666665,0.20583333333333334
167,random_forest,0.023208333333333334,0.19633333333333333
168,adaboost,0.177875,0.18966666666666668
168,bagged_trees,0.023166666666666665,0.2055
168,random_forest,0.023208333333333334,0.19583333333333333
169,adaboost,0.177875,0.1895
169,bagged_trees,0.023166666666666665,0.20583333333333334
169,random_forest,0.023208333333333334,0.1965
170,adaboost,0.17783333333333334,0.18966666666666668
170,bagged_trees,0.023166666666666665,0.20616666666666666
170,random_forest,0.023208333333333334,0.19633333333333333
171,adaboost,0.177875,0.1895
171,bagged_trees,0.023166666666666665,0.206
171,random_forest,0.023208333333333334,0.19683333333333333
172,adaboost,0.17779166666666665,0.18966666666666668
172,bagged_trees,0.023166666666666665,0.20633333333333334
172,random_forest,0.023208333333333334,0.196
173,adaboost,0.17783333333333334,0.1895
173,bagged_trees,0.023166666666666665,0.206
173,random_forest,0.023208333333333334,0.19683333333333333
174,adaboost,0.17791666666666667,0.18966666666666668
174,bagged_trees,0.023166666666666665,0.20566666666666666
174,random_forest,0.023208333333333334,0.197
175,adaboost,0.17783333333333334,0.18966666666666668
175,bagged_trees,0.023166666666666665,0.20616666666666666
175,random_forest,0.023208333333333334,0.19766666666666666
176,adaboost,0.177875,0.18966666666666668
176,bagged_trees,0.023166666666666665,0.20566666666666666
176,random_forest,0.023208333333333334,0.19733333333333333
177,adaboost,0.17783333333333334,0.18966666666666668
177,bagged_trees,0.023166666666666665,0.206
177,random_forest,0.023208333333333334,0.19716666666666666
178,adaboost,0.177875,0.18966666666666668
178,bagged_trees,0.023166666666666665,0.206
178,random_forest,0.023208333333333334,0.19733333333333333
179,adaboost,0.17779166666666665,0.1895
179,bagged_trees,0.023166666666666665,0.2065
179,random_forest,0.023208333333333334,0.19716666666666666
180,adaboost,0.17779166666666665,0.18966666666666668
180,bagged_trees,0.023166666666666665,0.20583333333333334
180,random_forest,0.02325,0.197
181,adaboost,0.17783333333333334,0.1895
181,bagged_trees,0.023166666666666665,0.20583333333333334
181,random_forest,0.02325,0.197
182,adaboost,0.17779166666666665,0.18966666666666668
182,bagged_trees,0.023166666666666665,0.20616666666666666
182,random_forest,0.02325,0.19666666666666666
183,adaboost,0.17783333333333334,0.18966666666666668
183,bagged_trees,0.023166666666666665,0.20616666666666666
183,random_forest,0.02325,0.19716666666666666
184,adaboost,0.177875,0.18966666666666668
184,bagged_trees,0.023166666666666665,0.20583333333333334
184,random_forest,0.02325,0.197
185,adaboost,0.17779166666666665,0.18966666666666668
185,bagged_trees,0.023166666666666665,0.20566666666666666
185,random_forest,0.02325,0.197
186,adaboost,0.17775,0.18966666666666668
186,bagged_trees,0.023166666666666665,0.2055
186,random_forest,0.02325,0.1965
187,adaboost,0.17775,0.18966666666666668
187,bagged_trees,0.023166666666666665,0.206
187,random_forest,0.02325,0.19666666666666666
188,adaboost,0.17775,0.18966666666666668
188,bagged_trees,0.023166666666666665,0.20616666666666666
188,random_forest,0.02325,0.19666666666666666
189,adaboost,0.17779166666666665,0.18966666666666668
189,bagged_trees,0.023166666666666665,0.206
189,random_forest,0.02325,0.196
190,adaboost,0.17775,0.18966666666666668
190,bagged_trees,0.023166666666666665,0.20566666666666666
190,random_forest,0.02325,0.19583333333333333
191,adaboost,0.17770833333333333,0.18966666666666668
191,bagged_trees,0.023166666666666665,0.20566666666666666
191,random_forest,0.02325,0.19633333333333333
192,adaboost,0.17775,0.18966666666666668
192,bagged_trees,0.023166666666666665,0.20566666666666666
192,random_forest,0.02325,0.19616666666666666
193,adaboost,0.17779166666666665,0.18966666666666668
193,bagged_trees,0.023166666666666665,0.20583333333333334
193,random_forest,0.02325,0.19666666666666666
194,adaboost,0.17779166666666665,0.18966666666666668
194,bagged_trees,0.023166666666666665,0.20583333333333334
194,random_forest,0.02325,0.197
195,adaboost,0.17754166666666665,0.189
195,bagged_trees,0.023166666666666665,0.20533333333333334
195,random_forest,0.02325,0.1975
196,adaboost,0.17791666666666667,0.18916666666666668
196,bagged_trees,0.023166666666666665,0.20616666666666666
196,random_forest,0.02325,0.197
197,adaboost,0.17770833333333333,0.18933333333333333
197,bagged_trees,0.023166666666666665,0.2055
197,random_forest,0.02325,0.19733333333333333
198,adaboost,0.17791666666666667,0.18916666666666668
198,bagged_trees,0.023166666666666665,0.206
198,random_forest,0.02325,0.197
199,adaboost,0.17770833333333333,0.1895
199,bagged_trees,0.023166666666666665,0.20583333333333334
199,random_forest,0.02325,0.19783333333333333
200,adaboost,0.17770833333333333,0.18916666666666668
200,bagged_trees,0.023166666666666665,0.206
200,random_forest,0.02325,0.1975
201,adaboost,0.17766666666666667,0.18933333333333333
201,bagged_trees,0.023166666666666665,0.20516666666666666
201,random_forest,0.023208333333333334,0.19783333333333333
202,adaboost,0.17745833333333333,0.18933333333333333
202,bagged_trees,0.023166666666666665,0.20616666666666666
202,random_forest,0.023208333333333334,0.19733333333333333
203,adaboost,0.17783333333333334,0.18933333333333333
203,bagged_trees,0.023166666666666665,0.2055
203,random_forest,0.023208333333333334,0.19716666666666666
204,adaboost,0.17779166666666665,0.18916666666666668
204,bagged_trees,0.023166666666666665,0.206
204,random_forest,0.023208333333333334,0.19733333333333333
205,adaboost,0.17775,0.18883333333333333
205,bagged_trees,0.023166666666666665,0.205
205,random_forest,0.023208333333333334,0.19683333333333333
206,adaboost,0.17783333333333334,0.18916666666666668
206,bagged_trees,0.023166666666666665,0.20483333333333334
206,random_forest,0.023208333333333334,0.197
207,adaboost,0.17775,0.18883333333333333
207,bagged_trees,0.023166666666666665,0.205
207,random_forest,0.023208333333333334,0.19666666666666666
208,adaboost,0.17783333333333334,0.18916666666666668
208,bagged_trees,0.023166666666666665,0.20516666666666666
208,random_forest,0.023208333333333334,0.19716666666666666
209,adaboost,0.17808333333333334,0.18866666666666668
209,bagged_trees,0.023166666666666665,0.20566666666666666
209,random_forest,0.023208333333333334,0.19683333333333333
210,adaboost,0.17795833333333333,0.189
210,bagged_trees,0.023166666666666665,0.20583333333333334
210,random_forest,0.023208333333333334,0.19716666666666666
211,adaboost,0.17783333333333334,0.18883333333333333
211,bagged_trees,0.023166666666666665,0.20583333333333334
211,random_forest,0.023208333333333334,0.19716666666666666
212,adaboost,0.17820833333333333,0.18916666666666668
212,bagged_trees,0.023166666666666665,0.206
212,random_forest,0.023208333333333334,0.19633333333333333
213,adaboost,0.178,0.18916666666666668
213,bagged_trees,0.023166666666666665,0.20583333333333334
213,random_forest,0.023208333333333334,0.1975
214,adaboost,0.178125,0.18916666666666668
214,bagged_trees,0.023166666666666665,0.20583333333333334
214,random_forest,0.023208333333333334,0.197
215,adaboost,0.177375,0.1885
215,bagged_trees,0.023166666666666665,0.20583333333333334
215,random_forest,0.023208333333333334,0.19683333333333333
216,adaboost,0.17783333333333334,0.18866666666666668
216,bagged_trees,0.023166666666666665,0.20566666666666666
216,random_forest,0.023208333333333334,0.19683333333333333
217,adaboost,0.17758333333333334,0.18833333333333332
217,bagged_trees,0.023166666666666665,0.20566666666666666
217,random_forest,0.023208333333333334,0.197
218,adaboost,0.17795833333333333,0.18933333333333333
218,bagged_trees,0.023166666666666665,0.20516666666666666
218,random_forest,0.023208333333333334,0.19616666666666666
219,adaboost,0.177625,0.1885
219,bagged_trees,0.023166666666666665,0.20566666666666666
219,random_forest,0.023208333333333334,0.197
220,adaboost,0.17791666666666667,0.18916666666666668
220,bagged_trees,0.023166666666666665,0.2055
220,random_forest,0.023208333333333334,0.19666666666666666
221,adaboost,0.17808333333333334,0.18883333333333333
221,bagged_trees,0.023166666666666665,0.20583333333333334
221,random_forest,0.023208333333333334,0.19733333333333333
222,adaboost,0.17816666666666667,0.18866666666666668
222,bagged_trees,0.023166666666666665,0.2055
222,random_forest,0.023208333333333334,0.197
223,adaboost,0.17804166666666665,0.18883333333333333
223,bagged_trees,0.023166666666666665,0.2055
223,random_forest,0.023208333333333334,0.1975
224,adaboost,0.178125,0.18866666666666668
224,bagged_trees,0.023166666666666665,0.20533333333333334
224,random_forest,0.023208333333333334,0.197
225,adaboost,0.17816666666666667,0.18866666666666668
225,bagged_trees,0.023166666666666665,0.20533333333333334
225,random_forest,0.023208333333333334,0.19733333333333333
226,adaboost,0.178125,0.18866666666666668
226,bagged_trees,0.023166666666666665,0.20533333333333334
226,random_forest,0.023208333333333334,0.197
227,adaboost,0.17804166666666665,0.18883333333333333
227,bagged_trees,0.023166666666666665,0.20533333333333334
227,random_forest,0.023208333333333334,0.1975
228,adaboost,0.17816666666666667,0.18866666666666668
228,bagged_trees,0.023166666666666665,0.205
228,random_forest,0.023208333333333334,0.19716666666666666
229,adaboost,0.17804166666666665,0.18883333333333333
229,bagged_trees,0.023166666666666665,0.2055
229,random_forest,0.023166666666666665,0.19716666666666666
230,adaboost,0.178125,0.18866666666666668
230,bagged_trees,0.023166666666666665,0.20533333333333334
230,random_forest,0.023166666666666665,0.19766666666666666
231,adaboost,0.178125,0.189
231,bagged_trees,0.023166666666666665,0.20516666666666666
231,random_forest,0.023166666666666665,0.19733333333333333
232,adaboost,0.17808333333333334,0.189
232,bagged_trees,0.023166666666666665,0.20516666666666666
232,random_forest,0.023166666666666665,0.19716666666666666
233,adaboost,0.17816666666666667,0.189
233,bagged_trees,0.023166666666666665,0.20516666666666666
233,random_forest,0.023166666666666665,0.19733333333333333
234,adaboost,0.17808333333333334,0.189
234,bagged_trees,0.023166666666666665,0.20516666666666666
234,random_forest,0.023166666666666665,0.1975
235,adaboost,0.178,0.189
235,bagged_trees,0.023166666666666665,0.20566666666666666
235,random_forest,0.023166666666666665,0.1975
236,adaboost,0.17820833333333333,0.18883333333333333
236,bagged_trees,0.023166666666666665,0.20516666666666666
236,random_forest,0.023208333333333334,0.1975
237,adaboost,0.17816666666666667,0.189
237,bagged_trees,0.023166666666666665,0.20566666666666666
237,random_forest,0.023208333333333334,0.19783333333333333
238,adaboost,0.178125,0.189
238,bagged_trees,0.023166666666666665,0.2055
238,random_forest,0.023208333333333334,0.19783333333333333
239,adaboost,0.17820833333333333,0.18883333333333333
239,bagged_trees,0.023166666666666665,0.2055
239,random_forest,0.023208333333333334,0.1975
240,adaboost,0.178,0.189
240,bagged_trees,0.023166666666666665,0.206
240,random_forest,0.023208333333333334,0.197
241,adaboost,0.17804166666666665,0.18883333333333333
241,bagged_trees,0.023166666666666665,0.20583333333333334
241,random_forest,0.023208333333333334,0.19733333333333333
242,adaboost,0.178,0.189
242,bagged_trees,0.023166666666666665,0.2055
242,random_forest,0.023208333333333334,0.19716666666666666
243,adaboost,0.17808333333333334,0.18883333333333333
243,bagged_trees,0.023166666666666665,0.2055
243,random_forest,0.023208333333333334,0.19733333333333333
244,adaboost,0.17816666666666667,0.18883333333333333
244,bagged_trees,0.023166666666666665,0.20566666666666666
244,random_forest,0.023208333333333334,0.1975
245,adaboost,0.17804166666666665,0.18866666666666668
245,bagged_trees,0.023166666666666665,0.20566666666666666
245,random_forest,0.023208333333333334,0.19766666666666666
246,adaboost,0.178125,0.1885
246,bagged_trees,0.023166666666666665,0.20533333333333334
246,random_forest,0.023208333333333334,0.19766666666666666
247,adaboost,0.17816666666666667,0.1885
247,bagged_trees,0.023166666666666665,0.20533333333333334
247,random_forest,0.023208333333333334,0.19783333333333333
248,adaboost,0.178125,0.1885
248,bagged_trees,0.023166666666666665,0.20566666666666666
248,random_forest,0.023208333333333334,0.198
249,adaboost,0.17816666666666667,0.1885
249,bagged_trees,0.023166666666666665,0.2055
249,random_forest,0.023208333333333334,0.19816666666666666
250,adaboost,0.178125,0.1885
250,bagged_trees,0.023166666666666665,0.20516666666666666
250,random_forest,0.023208333333333334,0.198
251,adaboost,0.17816666666666667,0.1885
251,bagged_trees,0.023166666666666665,0.205
251,random_forest,0.023208333333333334,0.19833333333333333
252,adaboost,0.178125,0.1885
252,bagged_trees,0.023166666666666665,0.20516666666666666
252,random_forest,0.023208333333333334,0.198
253,adaboost,0.17816666666666667,0.1885
253,bagged_trees,0.023166666666666665,0.20533333333333334
253,random_forest,0.023208333333333334,0.19783333333333333
254,adaboost,0.178125,0.1885
254,bagged_trees,0.023166666666666665,0.20516666666666666
254,random_forest,0.023208333333333334,0.1975
255,adaboost,0.178125,0.1885
255,bagged_trees,0.023166666666666665,0.20516666666666666
255,random_forest,0.023208333333333334,0.19766666666666666
256,adaboost,0.17816666666666667,0.1885
256,bagged_trees,0.023166666666666665,0.20533333333333334
256,random_forest,0.023208333333333334,0.19716666666666666
257,adaboost,0.17808333333333334,0.1885
257,bagged_trees,0.023166666666666665,0.20566666666666666
257,random_forest,0.023208333333333334,0.1975
258,adaboost,0.17816666666666667,0.1885
258,bagged_trees,0.023166666666666665,0.205
258,random_forest,0.023208333333333334,0.19733333333333333
259,adaboost,0.17808333333333334,0.1885
259,bagged_trees,0.023166666666666665,0.20533333333333334
259,random_forest,0.023208333333333334,0.19733333333333333
260,adaboost,0.17829166666666665,0.18866666666666668
260,bagged_trees,0.023166666666666665,0.2055
260,random_forest,0.023208333333333334,0.19716666666666666
261,adaboost,0.17795833333333333,0.1885
261,bagged_trees,0.023166666666666665,0.20566666666666666
261,random_forest,0.023208333333333334,0.19716666666666666
262,adaboost,0.17829166666666665,0.18866666666666668
262,bagged_trees,0.023166666666666665,0.20466666666666666
262,random_forest,0.023208333333333334,0.1975
263,adaboost,0.17791666666666667,0.18883333333333333
263,bagged_trees,0.023166666666666665,0.20566666666666666
263,random_forest,0.023208333333333334,0.1975
264,adaboost,0.17791666666666667,0.18866666666666668
264,bagged_trees,0.023166666666666665,0.20466666666666666
264,random_forest,0.023208333333333334,0.19733333333333333
265,adaboost,0.17795833333333333,0.18883333333333333
265,bagged_trees,0.023166666666666665,0.20466666666666666
265,random_forest,0.023208333333333334,0.1975
266,adaboost,0.17791666666666667,0.18866666666666668
266,bagged_trees,0.023166666666666665,0.20466666666666666
266,random_forest,0.023208333333333334,0.19733333333333333
267,adaboost,0.17804166666666665,0.18866666666666668
267,bagged_trees,0.023166666666666665,0.205
267,random_forest,0.023208333333333334,0.19733333333333333
268,adaboost,0.17820833333333333,0.18866666666666668
268,bagged_trees,0.023166666666666665,0.2045
268,random_forest,0.023208333333333334,0.1975
269,adaboost,0.178,0.18883333333333333
269,bagged_trees,0.023166666666666665,0.20533333333333334
269,random_forest,0.023208333333333334,0.19766666666666666
270,adaboost,0.17795833333333333,0.1885
270,bagged_trees,0.023166666666666665,0.20483333333333334
270,random_forest,0.023208333333333334,0.1975
271,adaboost,0.178,0.18883333333333333
271,bagged_trees,0.023166666666666665,0.205
271,random_forest,0.023208333333333334,0.198
272,adaboost,0.17820833333333333,0.18866666666666668
272,bagged_trees,0.023166666666666665,0.20466666666666666
272,random_forest,0.023208333333333334,0.19716666666666666
273,adaboost,0.17808333333333334,0.18866666666666668
273,bagged_trees,0.023166666666666665,0.20483333333333334
273,random_forest,0.023208333333333334,0.1975
274,adaboost,0.178125,0.18883333333333333
274,bagged_trees,0.023166666666666665,0.2045
274,random_forest,0.023208333333333334,0.19716666666666666
275,adaboost,0.17779166666666665,0.18866666666666668
275,bagged_trees,0.023166666666666665,0.2045
275,random_forest,0.023208333333333334,0.19766666666666666
276,adaboost,0.17779166666666665,0.1885
276,bagged_trees,0.023166666666666665,0.20483333333333334
276,random_forest,0.023208333333333334,0.197
277,adaboost,0.17816666666666667,0.1885
277,bagged_trees,0.023166666666666665,0.20416666666666666
277,random_forest,0.023208333333333334,0.19733333333333333
278,adaboost,0.178,0.18866666666666668
278,bagged_trees,0.023166666666666665,0.204
278,random_forest,0.023208333333333334,0.19683333333333333
279,adaboost,0.178125,0.1885
279,bagged_trees,0.023166666666666665,0.204
279,random_forest,0.023208333333333334,0.197
280,adaboost,0.17825,0.1885
280,bagged_trees,0.023166666666666665,0.2035
280,random_forest,0.023208333333333334,0.19666666666666666
281,adaboost,0.17804166666666665,0.1885
281,bagged_trees,0.023166666666666665,0.20383333333333334
281,random_forest,0.023208333333333334,0.19683333333333333
282,adaboost,0.178,0.1885
282,bagged_trees,0.023166666666666665,0.20333333333333334
282,random_forest,0.023208333333333334,0.19666666666666666
283,adaboost,0.17791666666666667,0.1885
283,bagged_trees,0.023166666666666665,0.2035
283,random_forest,0.023208333333333334,0.19666666666666666
284,adaboost,0.17795833333333333,0.1885
284,bagged_trees,0.023166666666666665,0.20366666666666666
284,random_forest,0.023208333333333334,0.19683333333333333
285,adaboost,0.17783333333333334,0.18883333333333333
285,bagged_trees,0.023166666666666665,0.20333333333333334
285,random_forest,0.023208333333333334,0.19683333333333333
286,adaboost,0.178,0.18866666666666668
286,bagged_trees,0.023166666666666665,0.20383333333333334
286,random_forest,0.023208333333333334,0.19683333333333333
287,adaboost,0.178,0.18883333333333333
287,bagged_trees,0.023166666666666665,0.20383333333333334
287,random_forest,0.023208333333333334,0.19683333333333333
288,adaboost,0.17795833333333333,0.18883333333333333
288,bagged_trees,0.023166666666666665,0.20383333333333334
288,random_forest,0.023208333333333334,0.19716666666666666
289,adaboost,0.17804166666666665,0.18866666666666668
289,bagged_trees,0.023166666666666665,0.20383333333333334
289,random_forest,0.023208333333333334,0.197
290,adaboost,0.17804166666666665,0.1885
290,bagged_trees,0.023166666666666665,0.204
290,random_forest,0.023208333333333334,0.19666666666666666
291,adaboost,0.17804166666666665,0.1885
291,bagged_trees,0.023166666666666665,0.20366666666666666
291,random_forest,0.023208333333333334,0.19716666666666666
292,adaboost,0.178,0.1885
292,bagged_trees,0.023166666666666665,0.20366666666666666
292,random_forest,0.023208333333333334,0.197
293,adaboost,0.17808333333333334,0.18866666666666668
293,bagged_trees,0.023166666666666665,0.20366666666666666
293,random_forest,0.023208333333333334,0.19666666666666666
294,adaboost,0.178,0.1885
294,bagged_trees,0.023166666666666665,0.20366666666666666
294,random_forest,0.023208333333333334,0.1965
295,adaboost,0.17804166666666665,0.18866666666666668
295,bagged_trees,0.023166666666666665,0.20316666666666666
295,random_forest,0.023208333333333334,0.19666666666666666
296,adaboost,0.178,0.1885
296,bagged_trees,0.023166666666666665,0.20383333333333334
296,random_forest,0.023208333333333334,0.19633333333333333
297,adaboost,0.178,0.18866666666666668
297,bagged_trees,0.023166666666666665,0.20383333333333334
297,random_forest,0.023208333333333334,0.19666666666666666
298,adaboost,0.17804166666666665,0.1885
298,bagged_trees,0.023166666666666665,0.204
298,random_forest,0.023208333333333334,0.19683333333333333
299,adaboost,0.17795833333333333,0.18866666666666668
299,bagged_trees,0.023166666666666665,0.20383333333333334
299,random_forest,0.023208333333333334,0.19683333333333333
300,adaboost,0.178125,0.189
300,bagged_trees,0.023166666666666665,0.20383333333333334
300,random_forest,0.023208333333333334,0.19666666666666666
301,adaboost,0.17795833333333333,0.18883333333333333
301,bagged_trees,0.023166666666666665,0.204
301,random_forest,0.023208333333333334,0.19683333333333333
302,adaboost,0.17804166666666665,0.18883333333333333
302,bagged_trees,0.023166666666666665,0.20383333333333334
302,random_forest,0.023208333333333334,0.1965
303,adaboost,0.17791666666666667,0.189
303,bagged_trees,0.023166666666666665,0.20383333333333334
303,random_forest,0.023208333333333334,0.19666666666666666
304,adaboost,0.177875,0.18983333333333333
304,bagged_trees,0.023166666666666665,0.20383333333333334
304,random_forest,0.023208333333333334,0.19616666666666666
305,adaboost,0.17791666666666667,0.18983333333333333
305,bagged_trees,0.023166666666666665,0.2035
305,random_forest,0.023166666666666665,0.1965
306,adaboost,0.17804166666666665,0.18966666666666668
306,bagged_trees,0.023166666666666665,0.20333333333333334
306,random_forest,0.023208333333333334,0.19633333333333333
307,adaboost,0.17816666666666667,0.18966666666666668
307,bagged_trees,0.023166666666666665,0.20366666666666666
307,random_forest,0.023208333333333334,0.19716666666666666
308,adaboost,0.17795833333333333,0.1895
308,bagged_trees,0.023166666666666665,0.2035
308,random_forest,0.023208333333333334,0.19633333333333333
309,adaboost,0.178125,0.18983333333333333
309,bagged_trees,0.023166666666666665,0.2035
309,random_forest,0.023208333333333334,0.19683333333333333
310,adaboost,0.17795833333333333,0.18983333333333333
310,bagged_trees,0.023166666666666665,0.20383333333333334
310,random_forest,0.023208333333333334,0.19666666666666666
311,adaboost,0.17808333333333334,0.1895
311,bagged_trees,0.023166666666666665,0.20333333333333334
311,random_forest,0.023208333333333334,0.19666666666666666
312,adaboost,0.178,0.18966666666666668
312,bagged_trees,0.023166666666666665,0.20366666666666666
312,random_forest,0.023208333333333334,0.19666666666666666
313,adaboost,0.17808333333333334,0.18966666666666668
313,bagged_trees,0.023166666666666665,0.20383333333333334
313,random_forest,0.023166666666666665,0.19683333333333333
314,adaboost,0.178,0.18966666666666668
314,bagged_trees,0.023166666666666665,0.204
314,random_forest,0.023166666666666665,0.19666666666666666
315,adaboost,0.17808333333333334,0.18966666666666668
315,bagged_trees,0.023166666666666665,0.204
315,random_forest,0.023166666666666665,0.19666666666666666
316,adaboost,0.178,0.18966666666666668
316,bagged_trees,0.023166666666666665,0.20416666666666666
316,random_forest,0.023166666666666665,0.1965
317,adaboost,0.17808333333333334,0.1895
317,bagged_trees,0.023166666666666665,0.2045
317,random_forest,0.023166666666666665,0.197
318,adaboost,0.17804166666666665,0.18966666666666668
318,bagged_trees,0.023166666666666665,0.20433333333333334
318,random_forest,0.023166666666666665,0.19683333333333333
319,adaboost,0.178,0.18966666666666668
319,bagged_trees,0.023166666666666665,0.2045
319,random_forest,0.023166666666666665,0.19683333333333333
320,adaboost,0.17804166666666665,0.18966666666666668
320,bagged_trees,0.023166666666666665,0.20466666666666666
320,random_forest,0.023166666666666665,0.19683333333333333
321,adaboost,0.17804166666666665,0.18966666666666668
321,bagged_trees,0.023166666666666665,0.2045
321,random_forest,0.023166666666666665,0.19716666666666666
322,adaboost,0.17804166666666665,0.1895
322,bagged_trees,0.023166666666666665,0.20466666666666666
322,random_forest,0.023166666666666665,0.19683333333333333
323,adaboost,0.17808333333333334,0.18966666666666668
323,bagged_trees,0.023166666666666665,0.20466666666666666
323,random_forest,0.023166666666666665,0.1965
324,adaboost,0.17808333333333334,0.18966666666666668
324,bagged_trees,0.023166666666666665,0.20433333333333334
324,random_forest,0.023166666666666665,0.197
325,adaboost,0.17804166666666665,0.18966666666666668
325,bagged_trees,0.023166666666666665,0.20483333333333334
325,random_forest,0.023166666666666665,0.197
326,adaboost,0.17808333333333334,0.1895
326,bagged_trees,0.023166666666666665,0.20383333333333334
326,random_forest,0.023166666666666665,0.19716666666666666
327,adaboost,0.17795833333333333,0.1895
327,bagged_trees,0.023166666666666665,0.204
327,random_forest,0.023166666666666665,0.197
328,adaboost,0.17808333333333334,0.1895
328,bagged_trees,0.023166666666666665,0.20383333333333334
328,random_forest,0.023166666666666665,0.19683333333333333
329,adaboost,0.17791666666666667,0.1895
329,bagged_trees,0.023166666666666665,0.204
329,random_forest,0.023166666666666665,0.19716666666666666
330,adaboost,0.17804166666666665,0.18966666666666668
330,bagged_trees,0.023166666666666665,0.20366666666666666
330,random_forest,0.023166666666666665,0.19633333333333333
331,adaboost,0.17791666666666667,0.1895
331,bagged_trees,0.023166666666666665,0.20383333333333334
331,random_forest,0.023166666666666665,0.1965
332,adaboost,0.17808333333333334,0.1895
332,bagged_trees,0.023166666666666665,0.20383333333333334
332,random_forest,0.023166666666666665,0.19683333333333333
333,adaboost,0.17791666666666667,0.1895
333,bagged_trees,0.023166666666666665,0.204
333,random_forest,0.023166666666666665,0.19683333333333333
334,adaboost,0.17808333333333334,0.1895
334,bagged_trees,0.023166666666666665,0.20366666666666666
334,random_forest,0.023166666666666665,0.19716666666666666
335,adaboost,0.17808333333333334,0.18933333333333333
335,bagged_trees,0.023166666666666665,0.20416666666666666
335,random_forest,0.023166666666666665,0.19616666666666666
336,adaboost,0.178125,0.1895
336,bagged_trees,0.023166666666666665,0.204
336,random_forest,0.023166666666666665,0.1965
337,adaboost,0.17808333333333334,0.18933333333333333
337,bagged_trees,0.023166666666666665,0.20433333333333334
337,random_forest,0.023166666666666665,0.197
338,adaboost,0.178125,0.1895
338,bagged_trees,0.023166666666666665,0.2045
338,random_forest,0.023166666666666665,0.19683333333333333
339,adaboost,0.17808333333333334,0.18933333333333333
339,bagged_trees,0.023166666666666665,0.20433333333333334
339,random_forest,0.023166666666666665,0.19683333333333333
340,adaboost,0.178125,0.1895
340,bagged_trees,0.023166666666666665,0.20416666666666666
340,random_forest,0.023166666666666665,0.19683333333333333
341,adaboost,0.17808333333333334,0.1895
341,bagged_trees,0.023166666666666665,0.2045
341,random_forest,0.023166666666666665,0.1965
342,adaboost,0.178125,0.18966666666666668
342,bagged_trees,0.023166666666666665,0.20433333333333334
342,random_forest,0.023166666666666665,0.1965
343,adaboost,0.17808333333333334,0.1895
343,bagged_trees,0.023166666666666665,0.20483333333333334
343,random_forest,0.023166666666666665,0.1965
344,adaboost,0.17825,0.18966666666666668
344,bagged_trees,0.023166666666666665,0.2045
344,random_forest,0.023166666666666665,0.19633333333333333
345,adaboost,0.17808333333333334,0.1895
345,bagged_trees,0.023166666666666665,0.2045
345,random_forest,0.023166666666666665,0.1965
346,adaboost,0.17775,0.18966666666666668
346,bagged_trees,0.023166666666666665,0.20416666666666666
346,random_forest,0.023166666666666665,0.19633333333333333
347,adaboost,0.17804166666666665,0.1895
347,bagged_trees,0.023166666666666665,0.204
347,random_forest,0.023166666666666665,0.19616666666666666
348,adaboost,0.177875,0.1895
348,bagged_trees,0.023166666666666665,0.20416666666666666
348,random_forest,0.023166666666666665,0.19633333333333333
349,adaboost,0.177875,0.1895
349,bagged_trees,0.023166666666666665,0.20416666666666666
349,random_forest,0.023166666666666665,0.19633333333333333
350,adaboost,0.17816666666666667,0.18966666666666668
350,bagged_trees,0.023166666666666665,0.20433333333333334
350,random_forest,0.023166666666666665,0.19616666666666666
351,adaboost,0.17791666666666667,0.1895
351,bagged_trees,0.023166666666666665,0.20433333333333334
351,random_forest,0.023166666666666665,0.19633333333333333
352,adaboost,0.178125,0.1895
352,bagged_trees,0.023166666666666665,0.204
352,random_forest,0.023166666666666665,0.1965
353,adaboost,0.178,0.1895
353,bagged_trees,0.023166666666666665,0.20433333333333334
353,random_forest,0.023166666666666665,0.19666666666666666
354,adaboost,0.178125,0.18966666666666668
354,bagged_trees,0.023166666666666665,0.20383333333333334
354,random_forest,0.023166666666666665,0.19666666666666666
355,adaboost,0.178,0.1895
355,bagged_trees,0.023166666666666665,0.20433333333333334
355,random_forest,0.023166666666666665,0.19666666666666666
356,adaboost,0.178125,0.1895
356,bagged_trees,0.023166666666666665,0.204
356,random_forest,0.023166666666666665,0.19616666666666666
357,adaboost,0.178,0.18933333333333333
357,bagged_trees,0.023166666666666665,0.20466666666666666
357,random_forest,0.023166666666666665,0.19583333333333333
358,adaboost,0.17804166666666665,0.18933333333333333
358,bagged_trees,0.023166666666666665,0.20433333333333334
358,random_forest,0.023166666666666665,0.196
359,adaboost,0.17795833333333333,0.1895
359,bagged_trees,0.023166666666666665,0.2045
359,random_forest,0.023166666666666665,0.196
360,adaboost,0.17795833333333333,0.1895
360,bagged_trees,0.023166666666666665,0.20433333333333334
360,random_forest,0.023166666666666665,0.196
361,adaboost,0.17804166666666665,0.19
361,bagged_trees,0.023166666666666665,0.2045
361,random_forest,0.023166666666666665,0.196
362,adaboost,0.178,0.18983333333333333
362,bagged_trees,0.023166666666666665,0.20416666666666666
362,random_forest,0.023166666666666665,0.19583333333333333
363,adaboost,0.178125,0.18983333333333333
363,bagged_trees,0.023166666666666665,0.2045
363,random_forest,0.023166666666666665,0.196
364,adaboost,0.178,0.18983333333333333
364,bagged_trees,0.023166666666666665,0.2045
364,random_forest,0.023166666666666665,0.19633333333333333
365,adaboost,0.178125,0.18983333333333333
365,bagged_trees,0.023166666666666665,0.2045
365,random_forest,0.023166666666666665,0.19633333333333333
366,adaboost,0.178,0.18983333333333333
366,bagged_trees,0.023166666666666665,0.20416666666666666
366,random_forest,0.023166666666666665,0.196
367,adaboost,0.178,0.1895
367,bagged_trees,0.023166666666666665,0.20466666666666666
367,random_forest,0.023166666666666665,0.196
368,adaboost,0.17795833333333333,0.18966666666666668
368,bagged_trees,0.023166666666666665,0.204
368,random_forest,0.023166666666666665,0.19583333333333333
369,adaboost,0.177875,0.1895
369,bagged_trees,0.023166666666666665,0.20416666666666666
369,random_forest,0.023166666666666665,0.196
370,adaboost,0.17791666666666667,0.18966666666666668
370,bagged_trees,0.023166666666666665,0.20366666666666666
370,random_forest,0.023166666666666665,0.19616666666666666
371,adaboost,0.17795833333333333,0.18966666666666668
371,bagged_trees,0.023166666666666665,0.20416666666666666
371,random_forest,0.023166666666666665,0.19616666666666666
372,adaboost,0.17791666666666667,0.18966666666666668
372,bagged_trees,0.023166666666666665,0.20383333333333334
372,random_forest,0.023166666666666665,0.196
373,adaboost,0.17795833333333333,0.1895
373,bagged_trees,0.023166666666666665,0.20416666666666666
373,random_forest,0.023166666666666665,0.19583333333333333
374,adaboost,0.17791666666666667,0.18966666666666668
374,bagged_trees,0.023166666666666665,0.2045
374,random_forest,0.023166666666666665,0.19583333333333333
375,adaboost,0.17795833333333333,0.1895
375,bagged_trees,0.023166666666666665,0.20433333333333334
375,random_forest,0.023166666666666665,0.19616666666666666
376,adaboost,0.17791666666666667,0.18966666666666668
376,bagged_trees,0.023166666666666665,0.20433333333333334
376,random_forest,0.023166666666666665,0.19583333333333333
377,adaboost,0.17795833333333333,0.1895
377,bagged_trees,0.023166666666666665,0.2045
377,random_forest,0.023166666666666665,0.196
378,adaboost,0.177875,0.189
378,bagged_trees,0.023166666666666665,0.20433333333333334
378,random_forest,0.023166666666666665,0.19616666666666666
379,adaboost,0.17791666666666667,0.18966666666666668
379,bagged_trees,0.023166666666666665,0.20483333333333334
379,random_forest,0.023166666666666665,0.19616666666666666
380,adaboost,0.17791666666666667,0.1895
380,bagged_trees,0.023166666666666665,0.20433333333333334
380,random_forest,0.023166666666666665,0.196
381,adaboost,0.17791666666666667,0.18966666666666668
381,bagged_trees,0.023166666666666665,0.2045
381,random_forest,0.023166666666666665,0.19616666666666666
382,adaboost,0.177875,0.18966666666666668
382,bagged_trees,0.023166666666666665,0.20433333333333334
382,random_forest,0.023166666666666665,0.19633333333333333
383,adaboost,0.17791666666666667,0.18966666666666668
383,bagged_trees,0.023166666666666665,0.20433333333333334
383,random_forest,0.023166666666666665,0.19566666666666666
384,adaboost,0.178,0.18966666666666668
384,bagged_trees,0.023166666666666665,0.20433333333333334
384,random_forest,0.023166666666666665,0.19583333333333333
385,adaboost,0.178,0.1895
385,bagged_trees,0.023166666666666665,0.20433333333333334
385,random_forest,0.023166666666666665,0.196
386,adaboost,0.178,0.18966666666666668
386,bagged_trees,0.023166666666666665,0.20416666666666666
386,random_forest,0.023166666666666665,0.19616666666666666
387,adaboost,0.178,0.1895
387,bagged_trees,0.023166666666666665,0.20433333333333334
387,random_forest,0.023166666666666665,0.19633333333333333
388,adaboost,0.17804166666666665,0.18966666666666668
388,bagged_trees,0.023166666666666665,0.204
388,random_forest,0.023166666666666665,0.19666666666666666
389,adaboost,0.178,0.1895
389,bagged_trees,0.023166666666666665,0.20433333333333334
389,random_forest,0.023166666666666665,0.1965
390,adaboost,0.178,0.18966666666666668
390,bagged_trees,0.023166666666666665,0.20433333333333334
390,random_forest,0.023166666666666665,0.19666666666666666
391,adaboost,0.17791666666666667,0.18933333333333333
391,bagged_trees,0.023166666666666665,0.20433333333333334
391,random_forest,0.023166666666666665,0.19616666666666666
392,adaboost,0.17791666666666667,0.1895
392,bagged_trees,0.023166666666666665,0.20433333333333334
392,random_forest,0.023166666666666665,0.19616666666666666
393,adaboost,0.178,0.18916666666666668
393,bagged_trees,0.023166666666666665,0.20466666666666666
393,random_forest,0.023166666666666665,0.196
394,adaboost,0.177875,0.1895
394,bagged_trees,0.023166666666666665,0.204
394,random_forest,0.023166666666666665,0.19633333333333333
395,adaboost,0.178,0.18933333333333333
395,bagged_trees,0.023166666666666665,0.20433333333333334
395,random_forest,0.023166666666666665,0.196
396,adaboost,0.177875,0.1895
396,bagged_trees,0.023166666666666665,0.20433333333333334
396,random_forest,0.023166666666666665,0.196
397,adaboost,0.178,0.18933333333333333
397,bagged_trees,0.023166666666666665,0.20433333333333334
397,random_forest,0.023166666666666665,0.19616666666666666
398,adaboost,0.177875,0.1895
398,bagged_trees,0.023166666666666665,0.20416666666666666
398,random_forest,0.023166666666666665,0.196
399,adaboost,0.17795833333333333,0.1895
399,bagged_trees,0.023166666666666665,0.20433333333333334
399,random_forest,0.023166666666666665,0.19633333333333333
400,adaboost,0.17795833333333333,0.18933333333333333
400,bagged_trees,0.023166666666666665,0.20416666666666666
400,random_forest,0.023166666666666665,0.196
401,adaboost,0.17829166666666665,0.1885
401,bagged_trees,0.023166666666666665,0.20433333333333334
401,random_forest,0.023166666666666665,0.19616666666666666
402,adaboost,0.17779166666666665,0.1895
402,bagged_trees,0.023166666666666665,0.20416666666666666
402,random_forest,0.023166666666666665,0.19583333333333333
403,adaboost,0.17754166666666665,0.1885
403,bagged_trees,0.023166666666666665,0.2045
403,random_forest,0.023166666666666665,0.1965
404,adaboost,0.17775,0.1895
404,bagged_trees,0.023166666666666665,0.20416666666666666
404,random_forest,0.023166666666666665,0.19583333333333333
405,adaboost,0.17808333333333334,0.19016666666666668
405,bagged_trees,0.023166666666666665,0.2045
405,random_forest,0.023166666666666665,0.19616666666666666
406,adaboost,0.178125,0.1895
406,bagged_trees,0.023166666666666665,0.204
406,random_forest,0.023166666666666665,0.19583333333333333
407,adaboost,0.17808333333333334,0.18966666666666668
407,bagged_trees,0.023166666666666665,0.20433333333333334
407,random_forest,0.023166666666666665,0.196
408,adaboost,0.178125,0.18983333333333333
408,bagged_trees,0.023166666666666665,0.20433333333333334
408,random_forest,0.023166666666666665,0.19583333333333333
409,adaboost,0.17808333333333334,0.18966666666666668
409,bagged_trees,0.023166666666666665,0.204
409,random_forest,0.023166666666666665,0.19633333333333333
410,adaboost,0.17816666666666667,0.18966666666666668
410,bagged_trees,0.023166666666666665,0.20383333333333334
410,random_forest,0.023166666666666665,0.19633333333333333
411,adaboost,0.17816666666666667,0.18966666666666668
411,bagged_trees,0.023166666666666665,0.204
411,random_forest,0.023166666666666665,0.19616666666666666
412,adaboost,0.17808333333333334,0.18933333333333333
412,bagged_trees,0.023166666666666665,0.20433333333333334
412,random_forest,0.023166666666666665,0.196
413,adaboost,0.17808333333333334,0.18966666666666668
413,bagged_trees,0.023166666666666665,0.20383333333333334
413,random_forest,0.023166666666666665,0.19616666666666666
414,adaboost,0.17816666666666667,0.18933333333333333
414,bagged_trees,0.023166666666666665,0.20383333333333334
414,random_forest,0.023166666666666665,0.196
415,adaboost,0.17816666666666667,0.18966666666666668
415,bagged_trees,0.023166666666666665,0.20383333333333334
415,random_forest,0.023166666666666665,0.1955
416,adaboost,0.17816666666666667,0.18933333333333333
416,bagged_trees,0.023166666666666665,0.20383333333333334
416,random_forest,0.023166666666666665,0.19583333333333333
417,adaboost,0.17816666666666667,0.18933333333333333
417,bagged_trees,0.023166666666666665,0.204
417,random_forest,0.023166666666666665,0.1955
418,adaboost,0.17816666666666667,0.18983333333333333
418,bagged_trees,0.023166666666666665,0.20383333333333334
418,random_forest,0.023166666666666665,0.196
419,adaboost,0.178125,0.1895
419,bagged_trees,0.023166666666666665,0.204
419,random_forest,0.023166666666666665,0.19583333333333333
420,adaboost,0.17816666666666667,0.18983333333333333
420,bagged_trees,0.023166666666666665,0.20383333333333334
420,random_forest,0.023166666666666665,0.19583333333333333
421,adaboost,0.17808333333333334,0.18983333333333333
421,bagged_trees,0.023166666666666665,0.20433333333333334
421,random_forest,0.023166666666666665,0.1955
422,adaboost,0.17816666666666667,0.18983333333333333
422,bagged_trees,0.023166666666666665,0.20383333333333334
422,random_forest,0.023166666666666665,0.196
423,adaboost,0.178125,0.18966666666666668
423,bagged_trees,0.023166666666666665,0.20433333333333334
423,random_forest,0.023166666666666665,0.196
424,adaboost,0.17820833333333333,0.18983333333333333
424,bagged_trees,0.023166666666666665,0.20416666666666666
424,random_forest,0.023166666666666665,0.196
425,adaboost,0.17808333333333334,0.18966666666666668
425,bagged_trees,0.023166666666666665,0.20433333333333334
425,random_forest,0.023166666666666665,0.19616666666666666
426,adaboost,0.17825,0.18966666666666668
426,bagged_trees,0.023166666666666665,0.20416666666666666
426,random_forest,0.023166666666666665,0.19616666666666666
427,adaboost,0.17820833333333333,0.1895
427,bagged_trees,0.023166666666666665,0.20416666666666666
427,random_forest,0.023166666666666665,0.19633333333333333
428,adaboost,0.17820833333333333,0.1895
428,bagged_trees,0.023166666666666665,0.20333333333333334
428,random_forest,0.023166666666666665,0.19616666666666666
429,adaboost,0.178125,0.1895
429,bagged_trees,0.023166666666666665,0.20416666666666666
429,random_forest,0.023166666666666665,0.19616666666666666
430,adaboost,0.17820833333333333,0.1895
430,bagged_trees,0.023166666666666665,0.20366666666666666
430,random_forest,0.023166666666666665,0.19616666666666666
431,adaboost,0.17808333333333334,0.18966666666666668
431,bagged_trees,0.023166666666666665,0.20366666666666666
431,random_forest,0.023166666666666665,0.196
432,adaboost,0.17820833333333333,0.1895
432,bagged_trees,0.023166666666666665,0.20333333333333334
432,random_forest,0.023166666666666665,0.19616666666666666
433,adaboost,0.178125,0.1895
433,bagged_trees,0.023166666666666665,0.20383333333333334
433,random_forest,0.023166666666666665,0.19616666666666666
434,adaboost,0.17808333333333334,0.18933333333333333
434,bagged_trees,0.023166666666666665,0.20333333333333334
434,random_forest,0.023166666666666665,0.196
435,adaboost,0.178125,0.18966666666666668
435,bagged_trees,0.023166666666666665,0.2035
435,random_forest,0.023166666666666665,0.19633333333333333
436,adaboost,0.17816666666666667,0.1895
436,bagged_trees,0.023166666666666665,0.20333333333333334
436,random_forest,0.023166666666666665,0.19616666666666666
437,adaboost,0.17808333333333334,0.1895
437,bagged_trees,0.023166666666666665,0.2035
437,random_forest,0.023166666666666665,0.19633333333333333
438,adaboost,0.17816666666666667,0.1895
438,bagged_trees,0.023166666666666665,0.20316666666666666
438,random_forest,0.023166666666666665,0.1965
439,adaboost,0.17808333333333334,0.1895
439,bagged_trees,0.023166666666666665,0.20333333333333334
439,random_forest,0.023166666666666665,0.1965
440,adaboost,0.17816666666666667,0.1895
440,bagged_trees,0.023166666666666665,0.203
440,random_forest,0.023166666666666665,0.19633333333333333
441,adaboost,0.178125,0.1895
441,bagged_trees,0.023166666666666665,0.20333333333333334
441,random_forest,0.023166666666666665,0.19633333333333333
442,adaboost,0.178125,0.1895
442,bagged_trees,0.023166666666666665,0.20316666666666666
442,random_forest,0.023166666666666665,0.1965
443,adaboost,0.17808333333333334,0.1895
443,bagged_trees,0.023166666666666665,0.20333333333333334
443,random_forest,0.023166666666666665,0.1965
444,adaboost,0.17816666666666667,0.1895
444,bagged_trees,0.023166666666666665,0.20316666666666666
444,random_forest,0.023166666666666665,0.19666666666666666
445,adaboost,0.178125,0.18983333333333333
445,bagged_trees,0.023166666666666665,0.20316666666666666
445,random_forest,0.023166666666666665,0.19633333333333333
446,adaboost,0.17808333333333334,0.18966666666666668
446,bagged_trees,0.023166666666666665,0.20316666666666666
446,random_forest,0.023166666666666665,0.19633333333333333
447,adaboost,0.178125,0.18966666666666668
447,bagged_trees,0.023166666666666665,0.203
447,random_forest,0.023166666666666665,0.19666666666666666
448,adaboost,0.17808333333333334,0.1895
448,bagged_trees,0.023166666666666665,0.203
448,random_forest,0.023166666666666665,0.1965
449,adaboost,0.178125,0.18966666666666668
449,bagged_trees,0.023166666666666665,0.20266666666666666
449,random_forest,0.023166666666666665,0.19633333333333333
450,adaboost,0.17808333333333334,0.18966666666666668
450,bagged_trees,0.023166666666666665,0.203
450,random_forest,0.023166666666666665,0.19633333333333333
451,adaboost,0.178125,0.1895
451,bagged_trees,0.023166666666666665,0.203
451,random_forest,0.023166666666666665,0.19633333333333333
452,adaboost,0.17808333333333334,0.18966666666666668
452,bagged_trees,0.023166666666666665,0.203
452,random_forest,0.023166666666666665,0.19633333333333333
453,adaboost,0.17816666666666667,0.18966666666666668
453,bagged_trees,0.023166666666666665,0.20316666666666666
453,random_forest,0.023166666666666665,0.19633333333333333
454,adaboost,0.178,0.18966666666666668
454,bagged_trees,0.023166666666666665,0.20333333333333334
454,random_forest,0.023166666666666665,0.19633333333333333
455,adaboost,0.17808333333333334,0.1895
455,bagged_trees,0.023166666666666665,0.203
455,random_forest,0.023166666666666665,0.19633333333333333
456,adaboost,0.17795833333333333,0.18966666666666668
456,bagged_trees,0.023166666666666665,0.20333333333333334
456,random_forest,0.023166666666666665,0.19633333333333333
457,adaboost,0.17808333333333334,0.18966666666666668
457,bagged_trees,0.023166666666666665,0.2035
457,random_forest,0.023166666666666665,0.1965
458,adaboost,0.17795833333333333,0.18966666666666668
458,bagged_trees,0.023166666666666665,0.20333333333333334
458,random_forest,0.023166666666666665,0.19633333333333333
459,adaboost,0.17816666666666667,0.18966666666666668
459,bagged_trees,0.023166666666666665,0.20316666666666666
459,random_forest,0.023166666666666665,0.19633333333333333
460,adaboost,0.178125,0.18966666666666668
460,bagged_trees,0.023166666666666665,0.20316666666666666
460,random_forest,0.023166666666666665,0.19666666666666666
461,adaboost,0.178125,0.18966666666666668
461,bagged_trees,0.023166666666666665,0.20333333333333334
461,random_forest,0.023166666666666665,0.19683333333333333
462,adaboost,0.178,0.18966666666666668
462,bagged_trees,0.023166666666666665,0.20316666666666666
462,random_forest,0.023166666666666665,0.19683333333333333
463,adaboost,0.178125,0.1895
463,bagged_trees,0.023166666666666665,0.20333333333333334
463,random_forest,0.023166666666666665,0.197
464,adaboost,0.178,0.18966666666666668
464,bagged_trees,0.023166666666666665,0.20316666666666666
464,random_forest,0.023166666666666665,0.19666666666666666
465,adaboost,0.178125,0.18966666666666668
465,bagged_trees,0.023166666666666665,0.20333333333333334
465,random_forest,0.023166666666666665,0.19683333333333333
466,adaboost,0.17804166666666665,0.1895
466,bagged_trees,0.023166666666666665,0.20316666666666666
466,random_forest,0.023166666666666665,0.19633333333333333
467,adaboost,0.17804166666666665,0.1895
467,bagged_trees,0.023166666666666665,0.203
467,random_forest,0.023166666666666665,0.19633333333333333
468,adaboost,0.17795833333333333,0.1895
468,bagged_trees,0.023166666666666665,0.20366666666666666
468,random_forest,0.023166666666666665,0.19633333333333333
469,adaboost,0.17804166666666665,0.1895
469,bagged_trees,0.023166666666666665,0.2035
469,random_forest,0.023166666666666665,0.19616666666666666
470,adaboost,0.17795833333333333,0.1895
470,bagged_trees,0.023166666666666665,0.20316666666666666
470,random_forest,0.023166666666666665,0.196
471,adaboost,0.17804166666666665,0.18933333333333333
471,bagged_trees,0.023166666666666665,0.203
471,random_forest,0.023166666666666665,0.19633333333333333
472,adaboost,0.178,0.18966666666666668
472,bagged_trees,0.023166666666666665,0.20316666666666666
472,random_forest,0.023166666666666665,0.196
473,adaboost,0.17804166666666665,0.1895
473,bagged_trees,0.023166666666666665,0.20316666666666666
473,random_forest,0.023166666666666665,0.196
474,adaboost,0.17804166666666665,0.1895
474,bagged_trees,0.023166666666666665,0.20316666666666666
474,random_forest,0.023166666666666665,0.196
475,adaboost,0.17808333333333334,0.1895
475,bagged_trees,0.023166666666666665,0.20316666666666666
475,random_forest,0.023166666666666665,0.19616666666666666
476,adaboost,0.17804166666666665,0.1895
476,bagged_trees,0.023166666666666665,0.20316666666666666
476,random_forest,0.023166666666666665,0.1965
477,adaboost,0.17808333333333334,0.1895
477,bagged_trees,0.023166666666666665,0.20316666666666666
477,random_forest,0.023166666666666665,0.19616666666666666
478,adaboost,0.17804166666666665,0.1895
478,bagged_trees,0.023166666666666665,0.20283333333333334
478,random_forest,0.023166666666666665,0.19633333333333333
479,adaboost,0.17795833333333333,0.1895
479,bagged_trees,0.023166666666666665,0.20316666666666666
479,random_forest,0.023166666666666665,0.196
480,adaboost,0.17804166666666665,0.1895
480,bagged_trees,0.023166666666666665,0.20333333333333334
480,random_forest,0.023166666666666665,0.19583333333333333
481,adaboost,0.17804166666666665,0.1895
481,bagged_trees,0.023166666666666665,0.20316666666666666
481,random_forest,0.023166666666666665,0.196
482,adaboost,0.17804166666666665,0.1895
482,bagged_trees,0.023166666666666665,0.2035
482,random_forest,0.023166666666666665,0.19616666666666666
483,adaboost,0.17804166666666665,0.1895
483,bagged_trees,0.023166666666666665,0.20333333333333334
483,random_forest,0.023166666666666665,0.196
484,adaboost,0.17804166666666665,0.18966666666666668
484,bagged_trees,0.023166666666666665,0.20333333333333334
484,random_forest,0.023166666666666665,0.196
485,adaboost,0.17808333333333334,0.18966666666666668
485,bagged_trees,0.023166666666666665,0.20316666666666666
485,random_forest,0.023166666666666665,0.196
486,adaboost,0.178125,0.18966666666666668
486,bagged_trees,0.023166666666666665,0.20316666666666666
486,random_forest,0.023166666666666665,0.196
487,adaboost,0.17808333333333334,0.18966666666666668
487,bagged_trees,0.023166666666666665,0.20333333333333334
487,random_forest,0.023166666666666665,0.19616666666666666
488,adaboost,0.178125,0.18966666666666668
488,bagged_trees,0.023166666666666665,0.20383333333333334
488,random_forest,0.023166666666666665,0.196
489,adaboost,0.17808333333333334,0.18966666666666668
489,bagged_trees,0.023166666666666665,0.2035
489,random_forest,0.023166666666666665,0.19633333333333333
490,adaboost,0.17808333333333334,0.18966666666666668
490,bagged_trees,0.023166666666666665,0.20366666666666666
490,random_forest,0.023166666666666665,0.19616666666666666
491,adaboost,0.17808333333333334,0.18966666666666668
491,bagged_trees,0.023166666666666665,0.20383333333333334
491,random_forest,0.023166666666666665,0.19616666666666666
492,adaboost,0.178,0.18966666666666668
492,bagged_trees,0.023166666666666665,0.20383333333333334
492,random_forest,0.023166666666666665,0.1965
493,adaboost,0.17808333333333334,0.18966666666666668
493,bagged_trees,0.023166666666666665,0.204
493,random_forest,0.023166666666666665,0.19633333333333333
494,adaboost,0.17804166666666665,0.18966666666666668
494,bagged_trees,0.023166666666666665,0.204
494,random_forest,0.023166666666666665,0.19633333333333333
495,adaboost,0.17808333333333334,0.18966666666666668
495,bagged_trees,0.023166666666666665,0.20366666666666666
495,random_forest,0.023166666666666665,0.1965
496,adaboost,0.17804166666666665,0.18966666666666668
496,bagged_trees,0.023166666666666665,0.20383333333333334
496,random_forest,0.023166666666666665,0.1965
497,adaboost,0.17808333333333334,0.18966666666666668
497,bagged_trees,0.023166666666666665,0.2035
497,random_forest,0.023166666666666665,0.1965
498,adaboost,0.17795833333333333,0.18966666666666668
498,bagged_trees,0.023166666666666665,0.2035
498,random_forest,0.023166666666666665,0.1965
499,adaboost,0.17808333333333334,0.18966666666666668
499,bagged_trees,0.023166666666666665,0.20316666666666666
499,random_forest,0.023166666666666665,0.19666666666666666
500,adaboost,0.17795833333333333,0.18966666666666668
500,bagged_trees,0.023166666666666665,0.20333333333333334
500,random_forest,0.023166666666666665,0.1965
